รหัสหน่วยงาน,ชื่อหน่วยงาน,ตัวย่อหน่วย,ตัวย่อสังกัด
0500,กองทัพเรือ,ทร.,ทร.
0501,สำนักงานเลขานุการกองทัพเรือ,สลก.ทร.,สลก.ทร.
05011,แผนกธุรการ,สลก.ทร.,สลก.ทร.
05012,กองเลขานุการ,กลก.,สลก.ทร.
05013,กองประชาสัมพันธ์,กปส.,สลก.ทร.
0502,กรมสารบรรณทหารเรือ,สบ.ทร.,สบ.ทร.
05021,แผนกธุรการ,สบ.ทร.,สบ.ทร.
05022,กองแผนและโครงการ,กผค.,สบ.ทร.
05023,กองสารบรรณ,กสบ.,สบ.ทร.
05024,กองโรงพิมพ์,กรพ.,สบ.ทร.
05025,โรงเรียนสารบรรณ,รร.สบ.,สบ.ทร.
0503,กรมกำลังพลทหารเรือ,กพ.ทร.,กพ.ทร.
05031,กองกลาง,กกล.,กพ.ทร.
05032,สำนักบริหารกำลังพล,สบพ.,กพ.ทร.
050321,กองนโยบายและแผน,กนผ.,สบพ.กพ.ทร.
050322,กองการกำลังพล,กกพ.,สบพ.กพ.ทร.
050323,กองการปกครอง,กปค.,สบพ.กพ.ทร.
05033,สำนักพัฒนากำลังพล,สพพ.,กพ.ทร.
050331,กองการศึกษา,กศษ.,สพพ.กพ.ทร.
050332,กองวิทยาการ,กวก.,สพพ.กพ.ทร.
050333,กองวิเคราะห์และประเมินค่า,กวป.,สพพ.กพ.ทร.
05034,สำนักบริการและสิทธิกำลังพล,สบส.,กพ.ทร.
050341,กองเสมียนตรา,กสม.,สบส.กพ.ทร.
050342,กองทะเบียนพล,กทพ.,สบส.กพ.ทร.
050343,กองบริการกำลังพล,กบพ.,สบส.กพ.ทร.
050344,กองบริการกำลังพลนอกประจำการ,กบน.,สบส.กพ.ทร.
0504,กรมข่าวทหารเรือ,ขว.ทร.,ขว.ทร.
05041,กองกลาง,กกล.,ขว.ทร.
05042,สำนักนโยบายและแผน,สนผ.,ขว.ทร.
050421,กองนโยบายและแผน,กนผ.,สนผ.ขว.ทร.
050422,กองวิทยาการ,กวก.,สนผ.ขว.ทร.
050423,กองการต่างประเทศ,กตท.,สนผ.ขว.ทร.
05043,สำนักการข่าว,สกข.,ขว.ทร.
050431,กองข่าว,กขว.,สกข.ขว.ทร.
050432,กองรักษาความปลอดภัย,กรภ.,สกข.ขว.ทร.
050433,กองปฏิบัติการข่าว,กปข.,สกข.ขว.ทร.
05044,สำนักงานผู้ช่วยทูตฝ่ายทหารเรือ ประจำสถานเอกอัครราชทูตไทย ณ กรุงวอชิงตัน,Null,Null
05045,สำนักงานผู้ช่วยทูตฝ่ายทหารเรือ ประจำสถานเอกอัครราชทูตไทย ณ กรุงลอนดอน,Null,Null
05046,สำนักงานผู้ช่วยทูตฝ่ายทหารเรือ ประจำสถานเอกอัครราชทูตไทย ณ กรุงปารีส,Null,Null
05047,สำนักงานผู้ช่วยทูตฝ่ายทหารเรือ ประจำสถานเอกอัครราชทูตไทย ณ กรุงโตเกียว,Null,Null
05048,สำนักงานผู้ช่วยทูตฝ่ายทหารเรือ ประจำสถานเอกอัครราชทูตไทย ณ กรุงมอสโก,Null,Null
05049,สำนักงานผู้ช่วยทูตฝ่ายทหารเรือ ประจำสถานเอกอัครราชทูตไทย ณ กรุงเบอร์ลิน,Null,Null
050410,สำนักงานผู้ช่วยทูตฝ่ายทหารเรือ ประจำสถานเอกอัครราชทูตไทย ณ กรุงนิวเดลี,Null,Null
050411,สำนักงานผู้ช่วยทูตฝ่ายทหารเรือ ประจำสถานเอกอัครราชทูตไทย ณ กรุงย่างกุ้ง,Null,Null
050412,สำนักงานผู้ช่วยทูตฝ่ายทหารเรือ ประจำสถานเอกอัครราชทูตไทย ณ กรุงกัวลาลัมเปอร์,Null,Null
050413,สำนักงานผู้ช่วยทูตฝ่ายทหารเรือ ประจำสถานเอกอัครราชทูตไทย ณ กรุงสิงคโปร์,Null,Null
050414,สำนักงานผู้ช่วยทูตฝ่ายทหารเรือ ประจำสถานเอกอัครราชทูตไทย ณ กรุงพนมเปญ,Null,Null
050415,สำนักงานผู้ช่วยทูตฝ่ายทหารเรือ ประจำสถานเอกอัครราชทูตไทย ณ กรุงเวียงจันทน์,Null,Null
050416,สำนักงานผู้ช่วยทูตฝ่ายทหารเรือ ประจำสถานเอกอัครราชทูตไทย ณ กรุงฮานอย,Null,Null
050417,สำนักงานผู้ช่วยทูตฝ่ายทหารเรือ ประจำสถานเอกอัครราชทูตไทย ณ กรุงมะนิลา,Null,Null
050418,สำนักงานผู้ช่วยทูตฝ่ายทหารเรือ ประจำสถานเอกอัครราชทูตไทย ณ กรุงจาการ์ตา,Null,Null
050419,สำนักงานผู้ช่วยทูตฝ่ายทหารเรือ ประจำสถานเอกอัครราชทูตไทย ณ กรุงแคนเบอร์รา,Null,Null
050420,สำนักงานผู้ช่วยทูตฝ่ายทหารเรือ ประจำสถานเอกอัครราชทูตไทย ณ กรุงปักกิ่ง,Null,Null
050421,สำนักงานผู้ช่วยทูตฝ่ายทหารเรือ ประจำสถานเอกอัครราชทูตไทย ณ กรุงโซล,Null,Null
050422,สำนักงานผู้ช่วยทูตฝ่ายทหารเรือ ประจำสถานเอกอัครราชทูตไทย ณ กรุงเวลลิงตัน,Null,Null
050423,สำนักงานผู้ช่วยทูตฝ่ายทหารเรือ ประจำสถานเอกอัครราชทูตไทย ณ กรุงอิสลามาบัด,Null,Null
050424,สำนักงานผู้ช่วยทูตฝ่ายทหารเรือ ประจำสถานเอกอัครราชทูตไทย ณ กรุงมาดริด,Null,Null
050425,สำนักงานผู้ช่วยทูตฝ่ายทหารเรือ ประจำสถานเอกอัครราชทูตไทย ณ กรุงสตอกโฮล์ม,Null,Null
050426,สำนักงานผู้ช่วยทูตฝ่ายทหารเรือ ประจำสถานเอกอัครราชทูตไทย ณ กรุงโคเปนเฮเกน,Null,Null
050427,สำนักงานผู้ช่วยทูตฝ่ายทหารเรือ ประจำสถานเอกอัครราชทูตไทย ณ กรุงออสโล,Null,Null
050428,สำนักงานผู้ช่วยทูตฝ่ายทหารเรือ ประจำสถานเอกอัครราชทูตไทย ณ กรุงโคลัมโบ,Null,Null
050429,สำนักงานผู้ช่วยทูตฝ่ายทหารเรือ ประจำสถานเอกอัครราชทูตไทย ณ กรุงโรม,Null,Null
050430,สำนักงานผู้ช่วยทูตฝ่ายทหารเรือ ประจำสถานเอกอัครราชทูตไทย ณ กรุงบันดาร์เสรีเบกาวัน,Null,Null
0505,กรมยุทธการทหารเรือ,ยก.ทร.,ยก.ทร.
05051,กองกลาง,กกล.,ยก.ทร.
05052,สำนักนโยบายและแผน,สนผ.,ยก.ทร.
050521,กองนโยบายและยุทธศาสตร์,กนย.,ยก.ทร.
050522,กองแผนและพัฒนากำลังรบ,กผพ.,ยก.ทร.
050523,กองการจัด,กกจ.,ยก.ทร.
05053,สำนักปฏิบัติการ,สปก.,ยก.ทร.
050531,กองยุทธการ,กยก.,ยก.ทร.
050532,กองควบคุมปฏิบัติการ,กคป.,ยก.ทร.
050533,กองการฝึก,กกฝ.,ยก.ทร.
05054,สำนักกิจการความมั่นคง,สกค.,ยก.ทร.
050541,กองกิจการความมั่นคงทางทะเล,กมท.,สกค.ยก.ทร.
050542,กองกิจการความมั่นคงภายใน,กมภ.,สกค.ยก.ทร.
050543,กองปฏิบัติการรักษาผลประโยชน์ของชาติทางทะเล,กปร.,สกค.ยก.ทร.
0506,กรมส่งกำลังบำรุงทหารเรือ,กบ.ทร.,กบ.ทร.
05061,กองกลาง,กกล.,กบ.ทร.
05062,สำนักนโยบายและแผน,สนผ.,กบ.ทร.
050621,กองนโยบาย,กนบ.,สนผ.กบ.ทร.
050622,กองแผนและโครงการ,กผค.,สนผ.กบ.ทร.
050623,กองวิเคราะห์และประเมินผล,กวป.,สนผ.กบ.ทร.
050624,กองวิทยาการ,กวก.,สนผ.กบ.ทร.
05063,สำนักส่งกำลังบำรุง,สกบ.,กบ.ทร.
050631,กองการส่งกำลังและบริการ,กลบ.,สกบ.กบ.ทร.
050632,กองการซ่อมบำรุง,กกซ.,สกบ.กบ.ทร.
050633,กองการฐานทัพ,กฐท.,สกบ.กบ.ทร.
050634,กองอสังหาริมทรัพย์,กอท.,สกบ.กบ.ทร.
0507,กรมการสื่อสารและเทคโนโลยีสารสนเทศทหารเรือ,สสท.ทร.,สสท.ทร.
05071,กองกลาง,กกล.,สสท.ทร.
05072,แผนกการเงิน,กง.,สสท.ทร.
05073,สำนักนโยบายและแผน,สนผ.,สสท.ทร.
050731,กองนโยบายและแผน,กนผ.,สนผ.สสท.ทร.
050732,กองอำนวยการสื่อสารและเทคโนโลยีสารสนเทศ,กอส.,สนผ.สสท.ทร.
050733,กองส่งกำลังบำรุง,กกบ.,สนผ.สสท.ทร.
050734,กองวิทยาการ,กวก.,สนผ.สสท.ทร.
05074,สำนักปฏิบัติการ,สปก.,สสท.ทร.
050741,กองโทรคมนาคม,กทค.,สปก.สสท.ทร.
050742,กองการสื่อสาร,กสส.,สปก.สสท.ทร.
050743,กองสงครามอิเล็กทรอนิกส์,กสอ.,สปก.สสท.ทร.
050744,กองระบบควบคุมบังคับบัญชา,กคบ.,สปก.สสท.ทร.
050745,กองวิทยุกระจายเสียงและวิทยุโทรทัศน์,กวท.,สปก.สสท.ทร.
050746,กองซ่อมบำรุง,กชร.,สปก.สสท.ทร.
05075,ศูนย์ไซเบอร์,ศซบ.,สสท.ทร.
050751,กองรักษาความมั่นคงปลอดภัยไซเบอร์,กรช.,ศซบ.สสท.ทร.
050752,กองปฏิบัติการไซเบอร์,กปช.,ศซบ.สสท.ทร.
050753,กองสนับสนุนไซเบอร์,กส.,ศชบ.สสท.ทร.
0508,กรมกิจการพลเรือนทหารเรือ,กพร.ทร.,Null
05081,กองกลาง,กกล.,กพร.ทร.
05082,สำนักกิจการพลเรือน,สกร.,กพร.ทร.
050821,กองนโยบายและแผน,กนผ.,สกร.กพร.ทร.
050822,กองกิจการพลเรือน,กกพร.,สกร.กพร.ทร.
050823,กองบรรเทาสาธารณภัย,กบภ.,สกร.กพร.ทร.
05083,สำนักจิตวิทยา,สจว.,กพร.ทร.
050831,กองปฏิบัติการจิตวิทยา,กปจ.,สจว.กพร.ทร.
050832,กองประชาสัมพันธ์,กปส.,สจว.กพร.ทร.
050833,กองวิทยาการ,กวก.,สจว.กพร.ทร.
0509,สำนักงานปลัดบัญชีทหารเรือ,สปช.ทร.,Null
05091,กองกลาง,กกล.,สปช.ทร.
05092,กองสารสนเทศจัดการทรัพยากร,กสทจ.,สปช.ทร.
05093,สำนักงบประมาณ,สงป.,สปช.ทร.
050931,กองแผนและจัดทำงบประมาณ,กผท.,สงป.สปช.ทร.
050932,กองบริหารงบประมาณ,กงป.,สงป.สปช.ทร.
050933,กองตรวจสอบและประเมินผล,กตป.,สงป.สปช.ทร.
050934,กองบัญชี,กบข.,สงป.สปช.ทร.
05094,สำนักพัฒนาระบบราชการ,สพร.,สปช.ทร.
050941,กองพัฒนาระบบราชการ,กพก.,สพร.สปช.ทร.
050942,กองพัฒนาองค์กร,กพอ.,สพร.สปช.ทร.
050943,กองพัฒนาระบบบริหารงาน,กพบ.,สพร.สปช.ทร.
0510,กรมการเงินทหารเรือ,กง.ทร.,Null
05101,กองธุรการ,กธก.,กง.ทร.
05102,กองควบคุมงบประมาณ,กคง.,กง.ทร.
05103,กองเงินเดือน,กงด.,กง.ทร.
05104,กองค่าใช้จ่ายทั่วไป,กชจ.,กง.ทร.
05105,กองการเงินต่างประเทศ,กงต.,กง.ทร.
05106,กองบัญชีและการเงิน,กบง.,กง.ทร.
05107,กองวิทยาการ,กวก.,กง.ทร.
0511,กรมจเรทหารเรือ,จร.ทร.,Null
05111,แผนกธุรการ,จร.ทร.,Null
05112,กองแผนและโครงการ,กผค.,จร.ทร.
05113,กองตรวจทั่วไป,กทป.,จร.ทร.
05114,กองตรวจทางเทคนิค,กตค.,จร.ทร.
0512,สำนักงานตรวจสอบภายในทหารเรือ,สตน.ทร.,Null
05121,แผนกธุรการ,สตน.ทร.,Null
05122,กองวิชาการและระบบงาน,กกร.,สตน.ทร.
05123,กองตรวจสอบภายในที่ 1,กตน.1,สตน.ทร.
05124,กองตรวจสอบภายในที่ 2,กตน.2,สตน.ทร.
05125,กองตรวจสอบภายในที่ 3,กตน.3,สตน.ทร.
05126,กองตรวจสอบภายในที่ 4,กตน.4,สตน.ทร.
0513,สำนักงานจัดหายุทโธปกรณ์ทหารเรือ,สยป.ทร.,Null
05131,แผนกธุรการ,สยป.ทร.,Null
05132,กองเทคโนโลยีทางทหาร,กทท.,สยป.ทร.
05133,กองโครงการ,กคก.,สยป.ทร.
05134,กองบริหารสัญญา,กบส.,สยป.ทร.
0514,สำนักงานพระธรรมนูญทหารเรือ,สธน.ทร.,Null
05141,แผนกธุรการ,สธน.ทร.,Null
05142,กองคดี,กคด.,สธน.ทร.
05143,กองนิติธรรม,กนธ.,สธน.ทร.
05144,กองกฤษฎีกา,กฎก.,สธน.ทร.
0515,กองเรือยุทธการ,กร.,Null
05151,กองบัญชาการ,บก.,กร.
05152,กองเรือตรวจอ่าว,กตอ.,กร.
051521,กองบัญชาการ,บก.,กตอ.กร.
051522,กองร้อยกองบัญชาการ,ร้อย บก.,กตอ.กร.
051523,หมวดเรือที่ 1,มว.เรือที่ 1,กตอ.กร.
0515231,ร.ล.ปัตตานี,มว.เรือที่ 1,กตอ.กร.
0515232,ร.ล.นราธิวาส,มว.เรือที่ 1,กตอ.กร.
0515233,ร.ล.กระบี่,มว.เรือที่ 1,กตอ.กร.
0515234,ร.ล.ประจวบคีรีขันธ์,มว.เรือที่ 1,กตอ.กร.
051524,หมวดเรือที่ 2,มว.เรือที่ 2,กตอ.กร.
0515241,ร.ล.ชลบุรี,มว.เรือที่ 2,กตอ.กร.
0515242,ร.ล.สงขลา,มว.เรือที่ 2,กตอ.กร.
0515243,ร.ล.ภูเก็ต,มว.เรือที่ 2,กตอ.กร.
051525,หมวดเรือที่ 3,มว.เรือที่ 3,กตอ.กร.
0515251,ร.ล.สัตหีบ,มว.เรือที่ 3,กตอ.กร.
0515252,ร.ล.คลองใหญ่,มว.เรือที่ 3,กตอ.กร.
0515253,ร.ล.ตากใบ,มว.เรือที่ 3,กตอ.กร.
0515254,ร.ล.กันตัง,มว.เรือที่ 3,กตอ.กร.
0515255,ร.ล.เทพา,มว.เรือที่ 3,กตอ.กร.
0515256,ร.ล.ท้ายเหมือง,มว.เรือที่ 3,กตอ.กร.
0515257,ร.ล.หัวหิน,มว.เรือที่ 3,กตอ.กร.
0515258,ร.ล.แกลง,มว.เรือที่ 3,กตอ.กร.
0515259,ร.ล.ศรีราชา,มว.เรือที่ 3,กตอ.กร.
05152510,ร.ล.แหลมสิงห์,มว.เรือที่ 3,กตอ.กร.
05153,กองเรือฟริเกตที่ 1,กฟก.1,กร.
051531,กองบัญชาการ,บก.,กฟก.1 กร.
051532,กองร้อยกองบัญชาการ,ร้อย บก.,กฟก.1 กร.
051533,หมวดเรือที่ 1,มว.เรือที่ 1,กฟก.1 กร.
0515331,ร.ล.มกุฎราชกุมาร,มว.เรือที่ 1,กฟก.1 กร.
0515332,ร.ล.ตาปี,มว.เรือที่ 1,กฟก.1 กร.
0515333,ร.ล.คีรีรัฐ,มว.เรือที่ 1,กฟก.1 กร.
0515334,ร.ล.รัตนโกสินทร์,มว.เรือที่ 1,กฟก.1 กร.
0515335,ร.ล.สุโขทัย,มว.เรือที่ 1,กฟก.1 กร.
051534,หมวดเรือที่ 2,มว.เรือที่ 2,กฟก.1 กร.
0515341,ร.ล.ปิ่นเกล้า,มว.เรือที่ 2,กฟก.1 กร.
0515342,ร.ล.ภูมิพลอดุลยเดช,มว.เรือที่ 2,กฟก.1 กร.
051535,หมวดเรือที่ 3,มว.เรือที่ 3,กฟก.1 กร.
0515351,ร.ล.คำรณสินธุ,มว.เรือที่ 3,กฟก.1 กร.
0515352,ร.ล.ทยานชล,มว.เรือที่ 3,กฟก.1 กร.
0515353,ร.ล.ล่องลม,มว.เรือที่ 3,กฟก.1 กร.
05154,กองเรือฟริเกตที่ 2,กฟก.2,กร.
051541,กองบัญชาการ,บก.,กฟก.2 กร.
051542,กองร้อยกองบัญชาการ,ร้อย บก.,กฟก.2 กร.
051543,หมวดเรือที่ 1,มว.เรือที่ 1,กฟก.2 กร.
0515431,ร.ล.เจ้าพระยา,มว.เรือที่ 1,กฟก.2 กร.
0515432,ร.ล.บางปะกง,มว.เรือที่ 1,กฟก.2 กร.
051544,หมวดเรือที่ 2,มว.เรือที่ 2,กฟก.2 กร.
0515441,ร.ล.กระบุรี,มว.เรือที่ 2,กฟก.2 กร.
0515442,ร.ล.สายบุรี,มว.เรือที่ 2,กฟก.2 กร.
051545,หมวดเรือที่ 3,มว.เรือที่ 3,กฟก.2 กร.
0515451,ร.ล.นเรศวร,มว.เรือที่ 3,กฟก.2 กร.
0515452,ร.ล.ตากสิน,มว.เรือที่ 3,กฟก.2 กร.
05155,กองเรือบรรทุกเฮลิคอปเตอร์,กบฮ.,กร.
051551,กองบัญชาการ,บก.,กบฮ.กร.
051552,กองร้อยกองบัญชาการ,ร้อย บก.,กบฮ.กร.
051553,หมวดเรือที่ 1,มว.เรือที่ 1,กบฮ.กร.
0515531,ร.ล.จักรีนฤเบศร,มว.เรือที่ 1,กบฮ.กร.
051554,หมวดเรือที่ 2,มว.เรือที่ 2,กบฮ.กร.
051555,หมวดเรือที่ 3,มว.เรือที่ 3,กบฮ.กร.
05156,กองเรือดำน้ำ,กดน.,กร.
051561,กองบัญชาการ,บก.,กดน.กร.
051562,กองร้อยกองบัญชาการ,ร้อย บก.,กดน.กร.
051563,หมวดเรือที่ 1,มว.เรือที่ 1,กดน.กร.
051564,หมวดเรือที่ 2,มว.เรือที่ 2,กดน.กร.
051565,หมวดเรือที่ 3,มว.เรือที่ 3,กดน.กร.
05157,กองเรือทุ่นระเบิด,กทบ.,กร.
051571,กองบัญชาการ,บก.,กทบ.กร.
051572,กองร้อยกองบัญชาการ,ร้อย บก.,กทบ.กร.
051573,หมวดเรือที่ 1,มว.เรือที่ 1,กทบ.กร.
051574,หมวดเรือที่ 2,มว.เรือที่ 2,กทบ.กร.
0515741,ร.ล.บางระจัน,มว.เรือที่ 2,กฟก.กร.
0515742,ร.ล.หนองสาหร่าย,มว.เรือที่ 2,กฟก.กร.
0515743,ร.ล.ลาดหญ้า,มว.เรือที่ 2,กฟก.กร.
0515744,ร.ล.ท่าดินแดง,มว.เรือที่ 2,กฟก.กร.
051575,หมวดเรือที่ 3,มว.เรือที่ 3,กทบ.กร.
0515751,ร.ล.ถลาง,มว.เรือที่ 3,กฟก.กร.
05158,กองเรือยกพลขึ้นบกและยุทธบริการ,กยพ.,กร.
051581,กองบัญชาการ,บก.,กยพ.กร.
051582,กองร้อยกองบัญชาการ,ร้อย บก.,กยพ.กร.
051583,หมวดเรือที่ 1,มว.เรือที่ 1,กยพ.กร.
0515831,ร.ล.สีชัง,มว.เรือที่ 1,กยพ.กร.
0515832,ร.ล.สุรินทร์,มว.เรือที่ 1,กยพ.กร.
0515833,ร.ล.อ่างทอง,มว.เรือที่ 1,กยพ.กร.
051584,หมวดเรือที่ 2,มว.เรือที่ 2,กยพ.กร.
0515841,ร.ล.ทองแก้ว,มว.เรือที่ 2,กยพ.กร.
0515842,ร.ล.ทองหลาง,มว.เรือที่ 2,กยพ.กร.
0515843,ร.ล.วังนอก,มว.เรือที่ 2,กยพ.กร.
0515844,ร.ล.วังใน,มว.เรือที่ 2,กยพ.กร.
0515845,ร.ล.มันนอก,มว.เรือที่ 2,กยพ.กร.
0515846,ร.ล.มันกลาง,มว.เรือที่ 2,กยพ.กร.
0515847,ร.ล.มันใน,มว.เรือที่ 2,กยพ.กร.
0515848,ร.ล.มัตโพน,มว.เรือที่ 2,กยพ.กร.
0515849,ร.ล.ราวี,มว.เรือที่ 2,กยพ.กร.
051585,หมวดเรือที่ 3,มว.เรือที่ 3,กยพ.กร.
0515851,ร.ล.สิมิลัน,มว.เรือที่ 3,กยพ.กร.
0515852,ร.ล.จุฬา,มว.เรือที่ 3,กยพ.กร.
0515853,ร.ล.สมุย,มว.เรือที่ 3,กยพ.กร.
0515854,ร.ล.ปรง,มว.เรือที่ 3,กยพ.กร.
0515855,ร.ล.เปริด,มว.เรือที่ 3,กยพ.กร.
0515856,ร.ล.เสม็ด,มว.เรือที่ 3,กยพ.กร.
0515857,ร.ล.จวง,มว.เรือที่ 3,กยพ.กร.
0515858,ร.ล.จิก,มว.เรือที่ 3,กยพ.กร.
0515859,ร.ล.กลึงบาดาล,มว.เรือที่ 3,กยพ.กร.
05158510,ร.ล.มารวิชัย,มว.เรือที่ 3,กยพ.กร.
05158511,ร.ล.รื้น,มว.เรือที่ 3,กยพ.กร.
05158512,ร.ล.รัง,มว.เรือที่ 3,กยพ.กร.
05158513,ร.ล.แสมสาร,มว.เรือที่ 3,กยพ.กร.
05158514,ร.ล.แรด,มว.เรือที่ 3,กยพ.กร.
05158515,ร.ล.มาตรา,มว.เรือที่ 3,กยพ.กร.
05158516,ร.ล.ปันหยี,มว.เรือที่ 3,กยพ.กร.
05158517,ร.ล.หลีเป๊ะ,มว.เรือที่ 3,กยพ.กร.
05159,กองเรือยามฝั่ง,กยฝ.,กร.
051591,กองบัญชาการ,บก.,กยฝ.กร.
051592,กองร้อยกองบัญชาการ,ร้อย บก.,กยฝ.กร.
051593,หมวดเรือที่ 1,มว.เรือที่ 1,กยฝ.กร.
0515931,เรือ ต.991,มว.เรือที่ 1,กยฝ.กร.
0515932,เรือ ต.992,มว.เรือที่ 1,กยฝ.กร.
0515933,เรือ ต.993,มว.เรือที่ 1,กยฝ.กร.
0515934,เรือ ต.994,มว.เรือที่ 1,กยฝ.กร.
0515935,เรือ ต.995,มว.เรือที่ 1,กยฝ.กร.
0515936,เรือ ต.996,มว.เรือที่ 1,กยฝ.กร.
0515937,เรือ ต.111,มว.เรือที่ 1,กยฝ.กร.
0515938,เรือ ต.112,มว.เรือที่ 1,กยฝ.กร.
0515939,เรือ ต.113,มว.เรือที่ 1,กยฝ.กร.
05159310,เรือ ต.114,มว.เรือที่ 1,กยฝ.กร.
05159311,เรือ ต.115,มว.เรือที่ 1,กยฝ.กร.
051594,หมวดเรือที่ 2,มว.เรือที่ 2,กยฝ.กร.
0515941,เรือ ต.98,มว.เรือที่ 2,กยฝ.กร.
0515942,เรือ ต.99,มว.เรือที่ 2,กยฝ.กร.
0515943,เรือ ต.81,มว.เรือที่ 2,กยฝ.กร.
0515944,เรือ ต.82,มว.เรือที่ 2,กยฝ.กร.
0515945,เรือ ต.83,มว.เรือที่ 2,กยฝ.กร.
051595,หมวดเรือที่ 3,มว.เรือที่ 3,กยฝ.กร.
0515951,เรือ ต.227,มว.เรือที่ 3,กยฝ.กร.
0515952,เรือ ต.228,มว.เรือที่ 3,กยฝ.กร.
0515953,เรือ ต.229,มว.เรือที่ 3,กยฝ.กร.
0515954,เรือ ต.230,มว.เรือที่ 3,กยฝ.กร.
0515955,เรือ ต.232,มว.เรือที่ 3,กยฝ.กร.
0515956,เรือ ต.233,มว.เรือที่ 3,กยฝ.กร.
0515957,เรือ ต.234,มว.เรือที่ 3,กยฝ.กร.
0515958,เรือ ต.235,มว.เรือที่ 3,กยฝ.กร.
0515959,เรือ ต.236,มว.เรือที่ 3,กยฝ.กร.
05159510,เรือ ต.237,มว.เรือที่ 3,กยฝ.กร.
05159511,เรือ ต.261,มว.เรือที่ 3,กยฝ.กร.
05159512,เรือ ต.262,มว.เรือที่ 3,กยฝ.กร.
05159513,เรือ ต.263,มว.เรือที่ 3,กยฝ.กร.
05159514,เรือ ต.264,มว.เรือที่ 3,กยฝ.กร.
05159515,เรือ ต.265,มว.เรือที่ 3,กยฝ.กร.
05159516,เรือ ต.266,มว.เรือที่ 3,กยฝ.กร.
05159517,เรือ ต.267,มว.เรือที่ 3,กยฝ.กร.
05159518,เรือ ต.268,มว.เรือที่ 3,กยฝ.กร.
05159519,เรือ ต.269,มว.เรือที่ 3,กยฝ.กร.
05159520,เรือ ต.270,มว.เรือที่ 3,กยฝ.กร.
05159521,เรือ ต.271,มว.เรือที่ 3,กยฝ.กร.
05159522,เรือ ต.272,มว.เรือที่ 3,กยฝ.กร.
05159523,เรือ ต.273,มว.เรือที่ 3,กยฝ.กร.
05159524,เรือ ต.274,มว.เรือที่ 3,กยฝ.กร.
051510,กองเรือลำน้ำ,กลน.,กร.
0515101,กองบัญชาการ,บก.,กลน.กร.
0515102,กองร้อยกองบัญชาการ,ร้อย.บก.,กลน.กร.
0515103,หมวดเรือที่ 1,มว.เรือที่ 1,กลน.กร.
0515104,หมวดเรือที่ 2,มว.เรือที่ 2,กลน.กร.
0515105,หมวดเรือที่ 3,มว.เรือที่ 3,กลน.กร.
051511,กองการบินทหารเรือ,กบร.,กร.
0515111,กองบัญชาการ,บก.,กบร.กร.
0515112,กองบิน 1,กบร.กร.,Null
0515113,กองบิน 2,กบร.กร.,Null
0515114,กองควบคุมการปฏิบัติการทางอากาศ,กคปอ.,กบร.กร.
0515115,สถานีการบิน,สนบ.,กบร.กร.
0515116,ศูนย์ซ่อมอากาศยาน,ศซอ.,กบร.กร.
051512,หน่วยบัญชาการสงครามพิเศษทางเรือ,นสร.,กร.
0515121,กองบัญชาการ,บก.,นสร.กร.
0515122,กองร้อยกองบัญชาการ,ร้อย บก.,นสร.กร.
0515123,กรมรบพิเศษ,กรม รพศ.,นสร.กร.
05151231,กองรบพิเศษที่ 1,รพศ.1,กรม รพศ. นสร.กร.
05151232,กองรบพิเศษที่ 2,รพศ.2,กรม รพศ. นสร.กร.
05151233,กองรบพิเศษที่ 3,รพศ.3,กรม รพศ. นสร.กร.
05151234,กองส่งกำลังปฏิบัติการพิเศษ กรม รพศ. นสร.กร.,Null,Null
05151235,กองรบพิเศษที่ 4,รพศ.4,กรม รพศ. นสร.กร.
05151236,กองรบพิเศษที่ 5,รพศ.5,กรม รพศ. นสร.กร.
05151237,กองรบพิเศษที่ 6,รพศ.6,กรม รพศ. นสร.กร.
0515124,ศูนย์การฝึกสงครามพิเศษทางเรือ,ศฝ.สร.,นสร.กร.
0515125,กองสนับสนุน,กอง สน.,นสร.กร.
051513,กองการฝึกกองเรือยุทธการ,กฝร.,Null
0515131,กองบัญชาการ,บก.,กฝร.
0515132,กองการปกครอง,กปค.,กฝร.
0515133,กองพัฒนาและประเมินผลการฝึก,กพป.,กฝร.
0515134,กองฝึกเดินเรือและการเรือ,กฝด.,กฝร.
0515135,กองฝึกปฏิบัติการทางเรือ,กฝป.,กฝร.
0515136,กองฝึกการอาวุธ,กฝอ.,กฝร.
0515137,กองฝึกศูนย์ยุทธการและสื่อสาร,กฝย.,กฝร.
0515138,กองฝึกการช่างกลและป้องกันความเสียหาย,กฝล.,กฝร.
0515139,กองสนับสนุน,กอง สน.,กฝร.
051514,กองสนับสนุน,กอง สน.,กร.
0516,ทัพเรือภาคที่ 1,ทรภ.1,Null
05161,กองบัญชาการ,บก.,ทรภ.1
051611,แผนกธุรการ,บก.ทรภ.1,Null
051612,กองกำลังพล,กพ.,บก.ทรภ.1
051613,กองข่าว,ขว.,บก.ทรภ.1
051614,กองยุทธการ,ยก.,บก.ทรภ.1
051615,กองส่งกำลังบำรุง,กบ.,บก.ทรภ.1
051616,กองสื่อสาร,สส.,บก.ทรภ.1
051617,กองกิจการพลเรือน,กพร.,บก.ทรภ.1
051618,กองโครงการและงบประมาณ,คป.,บก.ทรภ.1
051619,กองพระธรรมนูญ,ธน.,บก.ทรภ.1
0516110,กองการเงิน,กง.,บก.ทรภ.1
05162,กองร้อยกองบัญชาการ,ร้อย.บก.,ทรภ.1
05163,กองเรือปฏิบัติการ,กปก.,ทรภ.1
05164,ฐานส่งกำลังบำรุงทหารเรือตราด,ฐตร.,ทรภ.1
0517,ทัพเรือภาคที่ 2,ทรภ.2,Null
05171,กองบัญชาการ,บก.,ทรภ.2
051711,แผนกธุรการ,บก.ทรภ.2,Null
051712,กองกำลังพล,กพ.,บก.ทรภ.2
051713,กองข่าว,ขว.,บก.ทรภ.2
051714,กองยุทธการ,ยก.,บก.ทรภ.2
051715,กองส่งกำลังบำรุง,กบ.,บก.ทรภ.2
051716,กองสื่อสาร,สส.,บก.ทรภ.2
051717,กองกิจการพลเรือน,กพร.,บก.ทรภ.2
051718,กองโครงการและงบประมาณ,คป.,บก.ทรภ.2
051719,กองพระธรรมนูญ,ธน.,บก.ทรภ.2
0517110,กองการเงิน,กง.,บก.ทรภ.2
05172,กองร้อยกองบัญชาการ,ร้อย.บก.,ทรภ.2
05173,กองเรือปฏิบัติการ,กปก.,ทรภ.2
05174,ฐานทัพเรือสงขลา,ฐท.สข.,ทรภ.2
051741,กองบัญชาการ,บก.,ฐท.สข.ทรภ.2
051742,กองพลาธิการ,พธ.,ฐท.สข.ทรภ.2
051743,กองขนส่ง,กขส.,ฐท.สข.ทรภ.2
051744,กองโรงงาน,กรง.,ฐท.สข.ทรภ.2
051745,โรงพยาบาล,รพ.,ฐท.สข.ทรภ.2
051746,กองกิจการพิเศษ,กกพศ.,ฐท.สข.ทรภ.2
051747,สถานีสื่อสาร,สสส.,ฐท.สข.ทรภ.2
051748,เรือนจำ,รจ.,ฐท.สข.ทรภ.2
051749,สถานีการบิน,สนบ.,ฐท.สข.ทรภ.2
0517410,แผนกสรรพาวุธ ฐท.สข.ทรภ.2,Null,Null
0517411,สถานีเรือสมุย,สน.เรือสมุย,ฐท.สข.ทรภ.2
0518,ทัพเรือภาคที่ 3,ทรภ.3,Null
05181,กองบัญชาการ,บก.,ทรภ.3
051811,แผนกธุรการ บก.ทรภ.3,ทรภ.3,Null
051812,กองกำลังพล,กพ.,บก.ทรภ.3
051813,กองข่าว,ขว.,บก.ทรภ.3
051814,กองยุทธการ,ยก.,บก.ทรภ.3
051815,กองส่งกำลังบำรุง,กบ.,บก.ทรภ.3
051816,กองสื่อสาร,สส.,บก.ทรภ.3
051817,กองกิจการพลเรือน,กพร.,บก.ทรภ.3
051818,กองโครงการและงบประมาณ,คป.,บก.ทรภ.3
051819,กองพระธรรมนูญ,ธน.,บก.ทรภ.3
0518110,กองการเงิน,กง.,บก.ทรภ.3
05182,กองร้อยกองบัญชาการ,ร้อย.บก.,ทรภ.3
05183,กองเรือปฏิบัติการ,กปก.,ทรภ.3
05184,ฐานทัพเรือพังงา,ฐท.พง.,ทรภ.3
051841,กองบัญชาการ,บก.,ฐท.พง.ทรภ.3
051842,กองพลาธิการ,พธ.,ฐท.พง.ทรภ.3
051843,กองขนส่ง,กขส.,ฐท.พง.ทรภ.3
051844,กองโรงงาน,กรง.,ฐท.พง.ทรภ.3
051845,โรงพยาบาล,รพ.,ฐท.พง.ทรภ.3
051846,กองกิจการพิเศษ,กกพศ.,ฐท.พง.ทรภ.3
051847,สถานีสื่อสาร,สสส.,ฐท.พง.ทรภ.3
051848,เรือนจำ,รจ.,ฐท.พง.ทรภ.3
051849,สถานีการบิน,สนบ.,ฐท.พง.ทรภ.3
0518410,แผนกสรรพาวุธ ฐท.พง.ทรภ.3,ฐท.พง.ทรภ.3,Null
0518411,สถานีเรือละงู,สน.เรือละงู,ฐท.พง.ทรภ.3
05185,ศูนย์รักษาความปลอดภัยทางทะเล กองทัพเรือ ฝั่งอันดามัน,ศรภ.ทร.อม.,ศรภ.ทร.อม.
051851,กองบัญชาการ,บก.,ศรภ.ทร.อม.
0518511,ฝ่ายธุรการและกำลังพล,ฝธก.กพ.,ศรภ.ทร.อม.
0518512,ฝ่ายข่าว,ฝขว.,ศรภ.ทร.อม.
0518513,ฝ่ายยุทธการ,ฝยก.,ศรภ.ทร.อม.
0518514,ฝ่ายส่งกำลังบำรุง,ฝกบ.,ศรภ.ทร.อม.
0518515,ฝ่ายสื่อสาร,ฝสส.,ศรภ.ทร.อม.
0518516,ฝ่ายกิจการพลเรือน,ฝกร.,ศรภ.ทร.อม.
0518517,ฝ่ายงบประมาณ,ฝงป.,ศรภ.ทร.อม.
051852,หน่วยรักษาความปลอดภัยทางทะเล กองทัพเรือ เกาะภูเก็ต,นรภ.ก.ภูเก็ต,ศรภ.ทร.อม.
051853,หน่วยรักษาความปลอดภัยทางทะเล กองทัพเรือ เกาะหลีเป๊ะ,นรภ.ก.หลีเป๊ะ,ศรภ.ทร.อม.
051854,หน่วยรักษาความปลอดภัยทางทะเล กองทัพเรือ เกาะลันตาน้อย,นรภ.ก.ลันตาน้อย,ศรภ.ทร.อม.
051855,หน่วยรักษาความปลอดภัยทางทะเล กองทัพเรือ เกาะสิมิลัน,นรภ.ก.สิมิลัน,ศรภ.ทร.อม.
051856,หน่วยรักษาความปลอดภัยทางทะเล กองทัพเรือ เกาะสุรินทร์,นรภ.ก.สุรินทร์,ศรภ.ทร.อม.
051857,หน่วยบรรเทาสาธารณภัย กองทัพเรือ,นภบ.ทร.,ศรภ.ทร.อม.
05186,หน่วยปฏิบัติการทะเลอันดามัน,นปอ.,Null
0521,ฐานทัพเรือสัตหีบ,ฐท.สส.,Null
05211,กองบัญชาการ,บก.,ฐท.สส.
05212,กองขนส่ง,กขส.,ฐท.สส.
05213,กรมโรงงาน,กรง.,ฐท.สส.
05214,กองช่างโยธา,กชธ.,ฐท.สส.
05215,การท่าเรือสัตหีบ,กทส.,ฐท.สส.
05216,โรงพยาบาลอาภากรเกียรติวงศ์,รพ.อาภากรเกียรติวงศ์,ฐท.สส.
05217,กองกิจการพิเศษ,กกพศ.,ฐท.สส.
05218,กองอสังหาริมทรัพย์,กอท.,ฐท.สส.
05219,สถานีสื่อสาร,สสส.,ฐท.สส.
052110,สถานีตรวจสอบและลบล้างแม่เหล็กเรือ,สตลม.,ฐท.สส.
052111,เรือนจำ,รจ.,ฐท.สส.
052112,กรมก่อสร้างและพัฒนา,กรม กสพ.,ฐท.สส.
0521121,กองบังคับการ,บก.,และกองร้อยกองบังคับการ,ร้อย.บก.,กรม กสพ.ฐท.สส.
0521122,กองพันก่อสร้างและพัฒนาที่ 1,พัน.กสพ.1,กรม กสพ.ฐท.สส.
0521123,กองพันก่อสร้างและพัฒนาที่ 2,พัน.กสพ.2,กรม กสพ.ฐท.สส.
0521124,กองร้อยช่างใต้น้ำ กรม กสพ.ฐท.สส.,Null,Null
052113,สำนักงานควบคุมบ้านพักส่วนกลาง พื้นที่สัตหีบ,Null,Null
0522,ฐานทัพเรือกรุงเทพ,ฐท.กท.,Null
05221,กองบัญชาการ,บก.,ฐท.กท.
05222,ป้อมพระจุลจอมเกล้า,ปจปร.,ฐท.กท.
05223,กองขนส่ง,กขส.,ฐท.กท.
05224,กองกิจการพิเศษ,กกพศ.,ฐท.กท.
05225,สถานีสื่อสาร,สสส.,ฐท.กท.
05226,เรือนจำ,รจ.,ฐท.กท.
05227,กองดุริยางค์ทหารเรือ,ดย.ทร.,ฐท.กท.
0523,กรมสารวัตรทหารเรือ,กรม สห.ทร.,Null
05231,กองบังคับการ,บก.,และกองร้อยกองบังคับการ,ร้อย.บก.,กรม สห.ทร.
05232,กองพันสารวัตรทหารเรือที่ 1,พัน.สห.ทร.ที่ 1,กรม สห.ทร.
05233,กองพันสารวัตรทหารเรือที่ 2,พัน.สห.ทร.ที่ 2,กรม สห.ทร.
05234,กองพันสารวัตรทหารเรือที่ 3,พัน.สห.ทร.ที่ 3,กรม สห.ทร.
05235,กองพันสารวัตรทหารเรือที่ 4,พัน.สห.ทร.ที่ 4,กรม สห.ทร.
0519,หน่วยบัญชาการนาวิกโยธิน,นย.,Null
05191,กองบัญชาการ,บก.,นย.
051911,กองกำลังพล,กพ.,นย.
051912,กองข่าว,ขว.,นย.
051913,กองยุทธการ,ยก.,นย.
051914,กองส่งกำลังบำรุง,กบ.,นย.
051915,กองกิจการพลเรือน,กพร.,นย.
051916,กองโครงการและงบประมาณ,คป.,นย.
051917,กองการเงิน,กง.,นย.
051918,ฝ่ายพลาธิการ,ฝ่าย พธ.,นย.
051919,ฝ่ายการสื่อสารและอิเล็กทรอนิกส์,ฝ่าย สส.อล.,นย.
0519110,ฝ่ายพระธรรมนูญ,ฝ่าย ธน.,นย.
0519111,ฝ่ายการจเร,ฝ่าย จร.,นย.
0519112,ฝ่ายสารวัตร,ฝ่าย สห.,นย.
0519113,ฝ่ายอนุศาสนาจารย์,ฝ่าย อศจ.,นย.
0519114,ฝ่ายสรรพาวุธ,ฝ่าย สพ.,นย.
0519115,ฝ่ายกรรมวิธีข้อมูล,ฝ่าย กม.,นย.
0519116,ฝ่ายการแพทย์,ฝ่าย พ.,นย.
0519117,ฝ่ายควบคุมการขึ้นสู่เรือ,ฝ่าย กขร.,นย.
0519118,ฝ่ายทหารขนส่ง,ฝ่าย ขส.,นย.
0519119,กองพันกองบังคับการและบริการ,พัน.บก.และบริการ,นย.
05192,กองพลนาวิกโยธิน,พล.นย.,Null
051921,กองบัญชาการ,บก.,พล.นย.
051922,กองร้อยกองบัญชาการ,ร้อย.บก.,พล.นย.
051923,กรมทหารราบที่ 1,กรม ร.1,พล.นย.
0519231,กองบังคับการ,บก.,กรม ร.1 พล.นย.
0519232,กองร้อยกองบังคับการ,ร้อย.บก.,กรม ร.1 พล.นย.
0519233,กองพันทหารราบที่ 1 รักษาพระองค์,พัน.ร.1 รอ.,กรม ร.1 พล.นย.
0519234,กองพันทหารราบที่ 2,พัน.ร.2,กรม ร.1 พล.นย.
0519235,กองพันทหารราบที่ 3,พัน.ร.3,กรม ร.1 พล.นย.
051924,กรมทหารราบที่ 2,กรม ร.2,พล.นย.
0519241,กองบังคับการ,บก.,กรม ร.2 พล.นย.
0519242,กองร้อยกองบังคับการ,ร้อย.บก.,กรม ร.2 พล.นย.
0519243,กองพันทหารราบที่ 4,พัน.ร.4,กรม ร.2 พล.นย.
0519244,กองพันทหารราบที่ 5,พัน.ร.5,กรม ร.2 พล.นย.
0519245,กองพันทหารราบที่ 6,พัน.ร.6,กรม ร.2 พล.นย.
051925,กรมทหารราบที่ 3,กรม ร.3,พล.นย.
0519251,กองบังคับการ,บก.,กรม ร.3 พล.นย.
0519252,กองร้อยกองบังคับการ,ร้อย.บก.,กรม ร.3 พล.นย.
0519253,กองพันทหารราบที่ 7,พัน.ร.7,กรม ร.3 พล.นย.
0519254,กองพันทหารราบที่ 8,พัน.ร.8,กรม ร.3 พล.นย.
0519255,กองพันทหารราบที่ 9 รักษาพระองค์,พัน.ร.9 รอ.,กรม ร.3 พล.นย.
051926,กรมทหารปืนใหญ่,กรม ป.,พล.นย.
0519261,กองบังคับการ,บก.,กรม ป. พล.นย.
0519262,กองร้อยกองบังคับการ,ร้อย.บก.,กรม ป. พล.นย.
0519263,กองพันทหารปืนใหญ่เบากระสุนวิถีโค้งที่ 1,พัน.ปบค.1,กรม ป. พล.นย.
0519264,กองพันทหารปืนใหญ่เบากระสุนวิถีโค้งที่ 2,พัน.ปบค.2,กรม ป. พล.นย.
0519265,กองพันทหารปืนใหญ่ต่อสู้อากาศยาน,พัน.ปตอ.,กรม ป. พล.นย.
0519266,กองพันทหารปืนใหญ่กลางกระสุนวิถีโค้ง,พัน.ปกค.,กรม ป. พล.นย.
0519267,กองร้อยทหารปืนใหญ่ค้นหาเป้าหมาย,ร้อย.ป.คปม.,กรม ป. พล.นย.
051927,กรมสนับสนุน,กรม สน.,พล.นย.
0519271,กองบังคับการ,บก.,และกองร้อยกองบังคับการ,ร้อย.บก.,กรม สน. พล.นย.
0519272,กองพันซ่อมบำรุง,พัน.ซบร.,กรม สน. พล.นย.
0519273,กองพันทหารขนส่ง,พัน.ขส.,กรม สน. พล.นย.
0519274,กองพันพยาบาล,พัน.พ.,กรม สน. พล.นย.
0519275,กองร้อยส่งกำลังและบริการ,ร้อย.สล.และบริการ,กรม สน. พล.นย.
0519276,กองร้อยสนับสนุนการยกพลขึ้นบก,ร้อย.สนยบ.,กรม สน. พล.นย.
051928,กองพันลาดตระเวน,พัน.ลว.,พล.นย.
051929,กองพันรถถัง,พัน.ถ.,พล.นย.
0519210,กองพันทหารช่าง,พัน.ช.,พล.นย.
0519211,กองพันทหารสื่อสาร,พัน.ส.,พล.นย.
0519212,กองพันรถสะเทินน้ำสะเทินบก,พัน.รนบ.,พล.นย.
0519213,กองร้อยสารวัตร,ร้อย.สห.,พล.นย.
05193,ศูนย์การฝึก,ศฝ.,นย.
051931,กองบัญชาการ,บก.,ศฝ.นย.
051932,โรงเรียนทหารนาวิกโยธิน,รร.นย.,ศฝ.นย.
051933,กองการฝึกพลทหาร,กฝท.,ศฝ.นย.
0519331,กองพันฝึกที่ 1,พัน.ฝ.1,กฝท.ศฝ.นย.
0519332,กองพันฝึกที่ 2,พัน.ฝ.2,กฝท.ศฝ.นย.
051934,กองสนับสนุน,กอง สน.,ศฝ.นย.
05194,กรมรักษาความปลอดภัย,กรม รปภ.,นย.
051941,กองรักษาความปลอดภัย ฐานทัพเรือกรุงเทพ,กอง รปภ.ฐท.กท.,กรม รปภ.นย.
051942,กองรักษาความปลอดภัย กรมสรรพาวุธทหารเรือ,กอง รปภ.สพ.ทร.,กรม รปภ.นย.
051943,กองรักษาความปลอดภัย ฐานทัพเรือสัตหีบ,กอง รปภ.ฐท.สส.,กรม รปภ.นย.
051944,กองรักษาความปลอดภัย กองการบินทหารเรือ กองเรือยุทธการ,กอง รปภ.กบร.กร.,กรม รปภ.นย.
051945,กองรักษาความปลอดภัย ฐานทัพเรือสงขลา,กอง รปภ.ฐท.สข.,กรม รปภ.นย.
051946,กองรักษาความปลอดภัย ฐานทัพเรือพังงา,กอง รปภ.ฐท.พง.,กรม รปภ.นย.
05195,กรมทหารพราน,กรม ทพ.,นย.
051951,กองบังคับการ,บก.,กรม ทพ.นย.
051952,กองร้อยทหารพรานที่ 1,ร้อย.ทพ.1,กรม ทพ.นย.
051953,กองร้อยทหารพรานที่ 2,ร้อย.ทพ.2,กรม ทพ.นย.
051954,กองร้อยทหารพรานที่ 3,ร้อย.ทพ.3,กรม ทพ.นย.
051955,กองร้อยทหารพรานที่ 4,ร้อย.ทพ.4,กรม ทพ.นย.
051956,กองร้อยทหารพรานที่ 5,ร้อย.ทพ.5,กรม ทพ.นย.
051957,กองร้อยทหารพรานที่ 6,ร้อย.ทพ.6,กรม ทพ.นย.
051958,กองร้อยทหารพรานที่ 7,ร้อย.ทพ.7,กรม ทพ.นย.
051959,กองร้อยทหารพรานที่ 8,ร้อย.ทพ.8,กรม ทพ.นย.
0519510,กองร้อยทหารพรานที่ 9,ร้อย.ทพ.9,กรม ทพ.นย.
0519511,กองร้อยทหารพรานที่ 10,ร้อย.ทพ.10,กรม ทพ.นย.
0519512,กองร้อยทหารพรานที่ 11,ร้อย.ทพ.11,กรม ทพ.นย.
0519513,กองร้อยทหารพรานที่ 12,ร้อย.ทพ.12,กรม ทพ.นย.
0519514,กองร้อยทหารพรานที่ 13,ร้อย.ทพ.13,กรม ทพ.นย.
0519515,กองร้อยทหารพรานที่ 14,ร้อย.ทพ.14,กรม ทพ.นย.
0519516,กองร้อยทหารพรานที่ 15,ร้อย.ทพ.15,กรม ทพ.นย.
0519517,กองร้อยทหารพรานที่ 16,ร้อย.ทพ.16,กรม ทพ.นย.
0519518,หมวดทหารพรานหญิง,มว.ทพ.หญิง,กรม ทพ.นย.
05196,กองร้อยปฏิบัติการจิตวิทยา,ร้อย.ปจว.,นย.
05197,หน่วยเฉพาะกิจนาวิกโยธิน,ฉก.นย.,Null
051971,หน่วยเฉพาะกิจทหารพรานนาวิกโยธิน,ฉก.ทพ.นย.,Null
0519711,ชุดควบคุมทหารพรานนาวิกโยธินที่ 1,ชค.ทพ.นย.1,ฉก.ทพ.นย.
0519712,ชุดควบคุมทหารพรานนาวิกโยธินที่ 2 ชค.ทพ.นย..2,ฉก.ทพ.นย.,Null
0519713,ชุดควบคุมทหารพรานนาวิกโยธินที่ 3,ชค.ทพ.นย.3,ฉก.ทพ.นย.
0519714,ชุดควบคุมทหารพรานนาวิกโยธินที่ 4,ชค.ทพ.นย.4,ฉก.ทพ.นย.
0519715,ส่วนการฝึกและศึกษา ฉก.ทพ.นย.,Null,Null
0519716,ส่วนยิงสนับสนุน ฉก.ทพ.นย.,Null,Null
051972,ศูนย์ปฏิบัติการพิเศษ 61,ศปศ.61,Null
0520,หน่วยบัญชาการต่อสู้อากาศยานและรักษาฝั่ง,สอ.รฝ.,Null
05201,กองบัญชาการ,บก.,สอ.รฝ.
05202,กองร้อยกองบัญชาการ,ร้อย.บก.,สอ.รฝ.
05203,กรมต่อสู้อากาศยานที่ 1,กรม สอ.1,สอ.รฝ.
052031,กองบังคับการ,บก.,และกองร้อยกองบังคับการ,ร้อย.บก.,กรม สอ.1 สอ.รฝ.
052032,กองพันต่อสู้อากาศยานที่ 11,พัน.สอ.11,กรม สอ.1 สอ.รฝ.
0520321,กองบังคับการ,บก.,และกองร้อยกองบังคับการ,ร้อย.บก.,พัน.สอ.11
0520322,กองร้อยต่อสู้อากาศยานที่ 1,ร้อย.สอ.1,พัน.สอ.11 กรม สอ.1 สอ.รฝ.
0520323,กองร้อยต่อสู้อากาศยานที่ 2,ร้อย.สอ.2,พัน.สอ.11 กรม สอ.1 สอ.รฝ.
0520324,กองร้อยต่อสู้อากาศยานที่ 3,ร้อย.สอ.3,พัน.สอ.11 กรม สอ.1 สอ.รฝ.
0520325,กองร้อยป้องกัน,ร้อย.ป้องกัน,พัน.สอ.11 กรม สอ.1 สอ.รฝ.
052033,กองพันต่อสู้อากาศยานที่ 12,พัน.สอ.12,กรม สอ.1 สอ.รฝ.
0520331,กองบังคับการ,บก.,และกองร้อยกองบังคับการ,ร้อย.บก.,พัน.สอ.12
0520332,กองร้อยต่อสู้อากาศยานที่ 1,ร้อย.สอ.1,พัน.สอ.12 กรม สอ.1 สอ.รฝ.
0520333,กองร้อยต่อสู้อากาศยานที่ 2,ร้อย.สอ.2,พัน.สอ.12 กรม สอ.1 สอ.รฝ.
0520334,กองร้อยต่อสู้อากาศยานที่ 3,ร้อย.สอ.3,พัน.สอ.12 กรม สอ.1 สอ.รฝ.
0520335,กองร้อยป้องกัน,ร้อย.ป้องกัน,พัน.สอ.12 กรม สอ.1 สอ.รฝ.
052034,กองพันต่อสู้อากาศยานที่ 13,พัน.สอ.13,กรม สอ.1 สอ.รฝ.
0520341,กองบังคับการ,บก.,และกองร้อยกองบังคับการ,ร้อย.บก.,พัน.สอ.13
0520342,กองร้อยต่อสู้อากาศยานที่ 1,ร้อย.สอ.1,พัน.สอ.13 กรม สอ.1 สอ.รฝ.
0520343,กองร้อยต่อสู้อากาศยานที่ 2,ร้อย.สอ.2,พัน.สอ.13 กรม สอ.1 สอ.รฝ.
0520344,กองร้อยต่อสู้อากาศยานที่ 3,ร้อย.สอ.3,พัน.สอ.13 กรม สอ.1 สอ.รฝ.
0520345,กองร้อยต่อสู้อากาศยานที่ 4,ร้อย.สอ.4,พัน.สอ.13 กรม สอ.1 สอ.รฝ.
0520346,กองร้อยป้องกัน,ร้อย.ป้องกัน,พัน.สอ.13 กรม สอ.1 สอ.รฝ.
05204,กรมต่อสู้อากาศยานที่ 2,กรม สอ.2,สอ.รฝ.
052041,กองบังคับการ,บก.,และกองร้อยกองบังคับการ,ร้อย.บก.,กรม สอ.2 สอ.รฝ.
052042,กองพันต่อสู้อากาศยานที่ 21,พัน.สอ.21,กรม สอ.2 สอ.รฝ.
0520421,กองบังคับการ,บก.,และกองร้อยกองบังคับการ,ร้อย.บก.,พัน.สอ.21
0520422,กองร้อยต่อสู้อากาศยานที่ 1,ร้อย.สอ.1,พัน.สอ.21 กรม สอ.2 สอ.รฝ.
0520423,กองร้อยต่อสู้อากาศยานที่ 2,ร้อย.สอ.2,พัน.สอ.21 กรม สอ.2 สอ.รฝ.
0520424,กองร้อยต่อสู้อากาศยานที่ 3,ร้อย.สอ.3,พัน.สอ.21 กรม สอ.2 สอ.รฝ.
0520425,กองร้อยป้องกัน,ร้อย.ป้องกัน,พัน.สอ.21 กรม สอ.2 สอ.รฝ.
052043,กองพันต่อสู้อากาศยานที่ 22,พัน.สอ.22,กรม สอ.2 สอ.รฝ.
0520431,กองบังคับการ,บก.,และกองร้อยกองบังคับการ,ร้อย.บก.,พัน.สอ.22
0520432,กองร้อยต่อสู้อากาศยานที่ 1,ร้อย.สอ.1,พัน.สอ.22 กรม สอ.2 สอ.รฝ.
0520433,กองร้อยต่อสู้อากาศยานที่ 2,ร้อย.สอ.2,พัน.สอ.22 กรม สอ.2 สอ.รฝ.
0520434,กองร้อยต่อสู้อากาศยานที่ 3,ร้อย.สอ.3,พัน.สอ.22 กรม สอ.2 สอ.รฝ.
0520435,กองร้อยป้องกัน,ร้อย.ป้องกัน,พัน.สอ.22 กรม สอ.2 สอ.รฝ.
052044,กองพันต่อสู้อากาศยานที่ 23,พัน.สอ.23,กรม สอ.2 สอ.รฝ.
0520441,กองบังคับการ,บก.,และกองร้อยกองบังคับการ,ร้อย.บก.,พัน.สอ.23
0520442,กองร้อยต่อสู้อากาศยานที่ 1,ร้อย.สอ.1,พัน.สอ.23 กรม สอ.2 สอ.รฝ.
0520443,กองร้อยต่อสู้อากาศยานที่ 2,ร้อย.สอ.2,พัน.สอ.23 กรม สอ.2 สอ.รฝ.
0520444,กองร้อยต่อสู้อากาศยานที่ 3,ร้อย.สอ.3,พัน.สอ.23 กรม สอ.2 สอ.รฝ.
0520445,กองร้อยต่อสู้อากาศยานที่ 4,ร้อย.สอ.4,พัน.สอ.23 กรม สอ.2 สอ.รฝ.
0520446,กองร้อยป้องกัน,ร้อย.ป้องกัน,พัน.สอ.23 กรม สอ.2 สอ.รฝ.
05205,กรมรักษาฝั่งที่ 1,กรม รฝ.1,สอ.รฝ.
052051,กองบังคับการ,บก.,และกองร้อยกองบังคับการ,ร้อย.บก.,กรม รฝ.1 สอ.รฝ.
052052,กองพันรักษาฝั่งที่ 11,พัน.รฝ.11,กรม รฝ.1 สอ.รฝ.
0520521,กองบังคับการ,บก.,และกองร้อยกองบังคับการ,ร้อย.บก.,พัน.รฝ.11
0520522,กองร้อยรักษาฝั่งที่ 1,ร้อย.รฝ.1,พัน.รฝ.11 กรม รฝ.1 สอ.รฝ.
0520523,กองร้อยรักษาฝั่งที่ 2,ร้อย.รฝ.2,พัน.รฝ.11 กรม รฝ.1 สอ.รฝ.
0520524,กองร้อยรักษาฝั่งที่ 3,ร้อย.รฝ.3,พัน.รฝ.11 กรม รฝ.1 สอ.รฝ.
0520525,กองร้อยป้องกัน,ร้อย.ป้องกัน,พัน.รฝ.11 กรม รฝ.1 สอ.รฝ.
052053,กองพันรักษาฝั่งที่ 12,พัน.รฝ.12,กรม รฝ.1 สอ.รฝ.
0520531,กองบังคับการ,บก.,และกองร้อยกองบังคับการ,ร้อย.บก.,พัน.รฝ.12
0520532,กองร้อยรักษาฝั่งที่ 1,ร้อย.รฝ.1,พัน.รฝ.12 กรม รฝ.1 สอ.รฝ.
0520533,กองร้อยรักษาฝั่งที่ 2,ร้อย.รฝ.2,พัน.รฝ.12 กรม รฝ.1 สอ.รฝ.
0520534,กองร้อยรักษาฝั่งที่ 3,ร้อย.รฝ.3,พัน.รฝ.12 กรม รฝ.1 สอ.รฝ.
0520535,กองร้อยป้องกัน,ร้อย.ป้องกัน,พัน.รฝ.12 กรม รฝ.1 สอ.รฝ.
052054,กองพันรักษาฝั่งที่ 13,พัน.รฝ.13,กรม รฝ.1 สอ.รฝ.
0520541,กองบังคับการ,บก.,และกองร้อยกองบังคับการ,ร้อย.บก.,พัน.รฝ.13
0520542,กองร้อยรักษาฝั่งที่ 1,ร้อย.รฝ.1,พัน.รฝ.13 กรม รฝ.1 สอ.รฝ.
0520543,กองร้อยรักษาฝั่งที่ 2,ร้อย.รฝ.2,พัน.รฝ.13 กรม รฝ.1 สอ.รฝ.
0520544,กองร้อยรักษาฝั่งที่ 3,ร้อย.รฝ.3,พัน.รฝ.13 กรม รฝ.1 สอ.รฝ.
0520545,กองร้อยรักษาฝั่งที่ 4,ร้อย.รฝ.4,พัน.รฝ.13 กรม รฝ.1 สอ.รฝ.
0520546,กองร้อยป้องกัน,ร้อย.ป้องกัน,พัน.รฝ.13 กรม รฝ.1 สอ.รฝ.
05206,ศูนย์ต่อสู้อากาศยานและรักษาฝั่ง,ศสร.,สอ.รฝ.
052061,กองบังคับการ,บก.,ศสร.สอ.รฝ.
052062,ศูนย์ต่อสู้อากาศยานและรักษาฝั่ง ประจำพื้นที่ 1,ศสรท.1,ศสร.สอ.รฝ.
0520621,หน่วยเรดาร์ตรวจการณ์ทางอากาศแบบเคลื่อนที่ ศสรท.1 ศสร.สอ.รฝ.,Null,Null
0520622,หน่วยเรดาร์ตรวจการณ์พื้นน้ำแบบเคลื่อนที่ ศสรท.1 ศสร.สอ.รฝ.,Null,Null
0520623,สถานีเรดาร์ตรวจการณ์ 1 ศสรท.1 ศสร.สอ.รฝ.,Null,Null
0520624,สถานีเรดาร์ตรวจการณ์ 2 ศสรท.1 ศสร.สอ.รฝ.,Null,Null
0520625,สถานีเรดาร์ตรวจการณ์ 3 ศสรท.1 ศสร.สอ.รฝ.,Null,Null
0520626,สถานีเรดาร์ตรวจการณ์ 4 ศสรท.1 ศสร.สอ.รฝ.,Null,Null
0520627,หน่วยค้นหาเป้าหมาย ศสรท.1 ศสร.สอ.รฝ.,Null,Null
0520628,กองร้อยป้องกัน,ร้อย.ป้องกัน,ศสรท.1 ศสร.สอ.รฝ.
052063,ศูนย์ต่อสู้อากาศยานและรักษาฝั่งประจำพื้นที่ 2,ศสรท.2,ศสร.สอ.รฝ.
0520631,หน่วยเรดาร์ตรวจการณ์ทางอากาศแบบเคลื่อนที่ ศสรท.2 ศสร.สอ.รฝ.,Null,Null
0520632,หน่วยเรดาร์ตรวจการณ์พื้นน้ำแบบเคลื่อนที่ ศสรท.2 ศสร.สอ.รฝ.,Null,Null
0520633,สถานีเรดาร์ตรวจการณ์ 1 ศสรท.2 ศสร.สอ.รฝ.,Null,Null
0520634,สถานีเรดาร์ตรวจการณ์ 2 ศสรท.2 ศสร.สอ.รฝ.,Null,Null
0520635,สถานีเรดาร์ตรวจการณ์ 3 ศสรท.2 ศสร.สอ.รฝ.,Null,Null
0520636,สถานีเรดาร์ตรวจการณ์ 4 ศสรท.2 ศสร.สอ.รฝ.,Null,Null
0520637,หน่วยค้นหาเป้าหมาย ศสรท.2 ศสร.สอ.รฝ.,Null,Null
0520638,กองร้อยป้องกัน,ร้อย.ป้องกัน,ศสรท.2 ศสร.สอ.รฝ.
052064,ศูนย์ต่อสู้อากาศยานและรักษาฝั่งประจำพื้นที่ 3,ศสรท.3,ศสร.สอ.รฝ.
0520641,หน่วยเรดาร์ตรวจการณ์ทางอากาศแบบเคลื่อนที่ ศสรท.3 ศสร.สอ.รฝ.,Null,Null
0520642,หน่วยเรดาร์ตรวจการณ์พื้นน้ำแบบเคลื่อนที่ ศสรท.3 ศสร.สอ.รฝ.,Null,Null
0520643,สถานีเรดาร์ตรวจการณ์ 1 ศสรท.3 ศสร.สอ.รฝ.,Null,Null
0520644,สถานีเรดาร์ตรวจการณ์ 2 ศสรท.3 ศสร.สอ.รฝ.,Null,Null
0520645,สถานีเรดาร์ตรวจการณ์ 3 ศสรท.3 ศสร.สอ.รฝ.,Null,Null
0520646,สถานีเรดาร์ตรวจการณ์ 4 ศสรท.3 ศสร.สอ.รฝ.,Null,Null
0520647,หน่วยค้นหาเป้าหมาย ศสรท.3 ศสร.สอ.รฝ.,Null,Null
0520648,กองร้อยป้องกัน,ร้อย.ป้องกัน,ศสรท.3 ศสร.สอ.รฝ.
05207,กรมสนับสนุน,กรม สน.,สอ.รฝ.
052071,กองบังคับการ,บก.,และกองร้อยกองบังคับการ,ร้อย.บก.,กรม สน.สอ.รฝ.
052072,กองร้อยส่งกำลังและบริการ,ร้อย.สล.และบริการ,กรม สน.สอ.รฝ.
052073,กองพันขนส่ง,พัน.ขส.,กรม สน.สอ.รฝ.
0520731,กองบังคับการ,บก.,และกองร้อยกองบังคับการ,ร้อย.บก.,พัน.ขส. กรม สน.สอ.รฝ.
0520732,กองร้อยขนส่งที่ 1,ร้อย.ขส.1,พัน.ขส.กรม สน.สอ.รฝ.
0520733,กองร้อยขนส่งที่ 2,ร้อย.ขส.2,พัน.ขส.กรม สน.สอ.รฝ.
0520734,กองร้อยขนส่งที่ 3,ร้อย.ขส.3,พัน.ขส.กรม สน.สอ.รฝ.
052074,กองพันสื่อสารและอิเล็กทรอนิกส์,พัน.สอล.,กรม สน.สอ.รฝ.
0520741,กองบังคับการ,บก.,และกองร้อยกองบังคับการ,ร้อย.บก.,พัน.สอล. กรม สน.สอ.รฝ.
0520742,กองร้อยสื่อสารและอิเล็กทรอนิกส์ที่ 1,ร้อยสอล.1,พัน.สอล.กรม สนสอ.รฝ.
0520743,กองร้อยสื่อสารและอิเล็กทรอนิกส์ที่ 2,ร้อย.สอล.2,พัน.สอล.กรม สนสอ.รฝ.
0520744,กองร้อยสื่อสารและอิเล็กทรอนิกส์ที่ 3,ร้อย.สอล.3,พัน.สอล.กรมสนสอ.รฝ.
052075,กองพันซ่อมบำรุง,พัน.ซบร.,กรม สน.สอ.รฝ.
0520751,กองบังคับการ,บก.,และกองร้อยกองบังคับการ,ร้อย.บก.,พัน.ซบร. กรม สน.สอ.รฝ.
0520752,กองร้อยซ่อมบำรุงที่ 1 พัน.ซบร.กรม สน.สอ.รฝ.,Null,Null
0520753,กองร้อยซ่อมบำรุงที่ 2 พัน.ซบร.กรม สน.สอ.รฝ.,Null,Null
0520754,กองร้อยซ่อมบำรุงที่ 3 พัน.ซบร.กรม สน.สอ.รฝ.,Null,Null
052076,กองพันพยาบาล,พัน.พ.,กรม สน.สอ.รฝ.
0520761,กองบังคับการ,บก.,และกองร้อยกองบังคับการ,ร้อย.บก.,พัน.พ. กรม สน.สอ.รฝ.
0520762,กองร้อยพยาบาลสนับสนุน,ร้อย.พ.สนับสนุน,พัน.พ.กรม สน.สอ.รฝ.
0520763,กองร้อยพยาบาลที่ 1,ร้อย.พ.1,พัน.พ.กรม สน.สอ.รฝ.
0520764,กองร้อยพยาบาลที่ 2,ร้อย.พ.2,พัน.พ.กรม สน.สอ.รฝ.
0520765,กองร้อยพยาบาลที่ 3,ร้อย.พ.3,พัน.พ.กรม สน.สอ.รฝ.
05208,ศูนย์การฝึก,ศฝ.,สอ.รฝ.
052081,กองบังคับการ,บก.,ศฝ.สอ.รฝ.
052082,โรงเรียนทหารต่อสู้อากาศยานและรักษาฝั่ง,รร.สอ.รฝ.,ศฝ.สอ.รฝ.
0520821,แผนกการศึกษา รร.สอ.รฝ.ศฝ.สอ.รฝ.,Null,Null
0520822,แผนกการปกครอง รร.สอ.รฝ.ศฝ.สอ.รฝ.,Null,Null
052083,กองการฝึกพลทหาร,กฝท.,ศฝ.สอ.รฝ.
0520831,กองพันฝึกที่ 1,พัน.ฝ.1,กฝท.ศฝ.สอ.รฝ.
0520832,กองพันฝึกที่ 2,พัน.ฝ.2,กฝท.ศฝ.สอ.รฝ.
0520833,กองพันฝึกที่ 3,พัน.ฝ.3,กฝท.ศฝ.สอ.รฝ.
052084,แผนกสนับสนุน ศฝ.สอ.รฝ.,Null,Null
052085,กองฝึกช่วยเหลือด้านมนุษยธรรมและบรรเทาสาธารณภัยทางทะเลและชายฝั่ง ศฝ.สอ.รฝ.,Null,Null
05209,หน่วยปฏิบัติการเกาะกูด,นปก.,Null
052010,หน่วยเฉพาะกิจ 321,ฉก.321,Null
052011,หน่วยเฉพาะกิจ สอ.รฝ.412,ฉก.สอ.รฝ.412,Null
052012,หน่วยปฏิบัติการ สอ.รฝ.451,นป.สอ.รฝ.451,Null
052013,หน่วยปฏิบัติการ สอ.รฝ.452,นป.สอ.รฝ.452,Null
052014,หน่วยเฝ้าตรวจและรายงานการเคลื่อนตัวของคลื่นเกาะเมียง,นตค.ก.เมียง,Null
052015,หน่วยปฏิบัติการ สอ.รฝ.491,นป.สอ.รฝ.491,Null
052016,โรงเรียนวิวัฒน์พลเมือง ทร.2 สอ.รฝ.,Null,Null
052017,ศูนย์อนุรักษ์พันธุ์เต่าทะเล สอ.รฝ. กองทัพเรือ,Null,Null
052018,คณะกรรมการเจ้าของที่ดินบริเวณตำบลบางพระ และตำบลหนองขาม อำเภอศรีราชา จังหวัดชลบุรี,กจพข.,Null
0524,กรมอู่ทหารเรือ,อร.,Null
05241,กองบังคับการ,บก.,อร.
052411,กองธุรการ,ธก.,บก.อร.
052412,กองกำลังพล,กพ.,บก.อร.
052413,กองส่งกำลังบำรุง,กบ.,บก.อร.
052414,กองโครงการและงบประมาณ,คป.,บก.อร.
052415,กองการจัด,กจก.,บก.อร.
052416,กองการเงิน,กง.,บก.อร.
052417,แผนกพระธรรมนูญ บก.อร.,Null,Null
05242,กรมแผนการช่าง,กผช.,อร.
052421,แผนกธุรการ กผช.อร.,Null,Null
052422,กองแผนงานฝ่ายเรือ,กผงร.,กผช.อร.
0524221,แผนกควบคุมและประมาณการ กผงร.กผช.อร.,Null,Null
0524222,แผนกสำรวจและตรวจสอบ กผงร.กผช.อร.,Null,Null
0524223,แผนกวางแผนซ่อมเรือ กผงร.กผช.อร.,Null,Null
0524224,แผนกวางแผนสร้างเรือ กผงร.กผช.อร.,Null,Null
0524225,แผนกวางแผนดัดแปลงและปรับปรุงเรือ กผงร.กผช.อร.,Null,Null
052423,กองออกแบบกลจักร,กอจ.,กผช.อร.
0524231,แผนกออกแบบเครื่องต้นกำลังขับ กอจ.กผช.อร.,Null,Null
0524232,แผนกออกแบบเครื่องกล กอจ.กผช.อร.,Null,Null
0524233,แผนกออกแบบเครื่องเย็นระบายและปรับอากาศ กอจ.กผช.อร.,Null,Null
052424,กองออกแบบต่อเรือ,กอร.,กผช.อร.
0524241,แผนกออกแบบโครงสร้างตัวเรือ กอร.กผช.อร.,Null,Null
0524242,แผนกออกแบบผังเรือ กอร.กผช.อร.,Null,Null
0524243,แผนกออกแบบเครื่องประกอบเรือ กอร.กผช.อร.,Null,Null
052425,กองออกแบบไฟฟ้า,กอฟ.,กผช.อร.
0524251,แผนกออกแบบไฟฟ้ากำลังและแสงสว่าง กอฟ.กผช.อร.,Null,Null
0524252,แผนกออกแบบไฟฟ้าระบบอาวุธและบังคับเรือ กอฟ.กผช.อร.,Null,Null
0524253,แผนกวิทยาศาสตร์การไฟฟ้า กอฟ.กผช.อร.,Null,Null
05243,กรมพัฒนาการช่าง,กพช.,อร.
052431,แผนกธุรการ กพช.อร.,Null,Null
052432,กองการศึกษา,กศษ.,กพช.อร.
0524321,ศูนย์พัฒนาอาชีพช่าง กศษ.กพช.อร.,Null,Null
0524322,โรงเรียนช่างกรมอู่ทหารเรือ,รร.ชอร.,กศษ.กพช.อร.
0524323,แผนกเครื่องช่วยการศึกษา กศษ.กพช.อร.,Null,Null
052433,กองวิจัยและพัฒนา,กวจพ.,กพช.อร.
0524331,แผนกวิชาการ กวจพ.กพช.อร.,Null,Null
0524332,แผนกวิจัย กวจพ.กพช.อร.,Null,Null
0524333,แผนกห้องสมุด กวจพ.กพช.อร.,Null,Null
052434,กองควบคุมคุณภาพ,กคภ.,กพช.อร.
0524341,แผนกวิเคราะห์งานช่าง กคภ.กพช.อร.,Null,Null
0524342,แผนกทดสอบวัสดุ กคภ.กพช.อร.,Null,Null
0524343,แผนกทดสอบเครื่องวัด กคภ.กพช.อร.,Null,Null
05244,อู่ทหารเรือธนบุรี,อธบ.,อร.
052441,แผนกธุรการ อธบ.อร.,Null,Null
052442,กองแผนและประมาณการช่าง,กผป.,อธบ.อร.
0524421,แผนกสำรวจและตรวจสอบ กผป.อธบ.อร.,Null,Null
0524422,แผนกแผนงาน กผป.อธบ.อร.,Null,Null
0524423,แผนกออกแบบและทดลองเรือ กผป.อธบ.อร.,Null,Null
0524424,แผนกพัสดุช่าง กผป.อธบ.อร.,Null,Null
052443,กองโรงงาน,กงน.,อธบ.อร.
0524431,แผนกโรงงานเครื่องกล กงน.อธบ.อร.,Null,Null
0524432,แผนกโรงงานเรือเหล็ก กงน.อธบ.อร.,Null,Null
0524433,แผนกโรงงานไฟฟ้า กงน.อธบ.อร.,Null,Null
0524434,แผนกโรงงานเบ็ดเตล็ด กงน.อธบ.อร.,Null,Null
05245,อู่ทหารเรือพระจุลจอมเกล้า,อจปร.,อร.
052451,กองบังคับการ,บก.,อจปร.อร.
0524511,กองธุรการ,ธก.,บก.อจปร.อร.
0524512,กองกำลังพล,กพ.,บก.อจปร.อร.
0524513,กองโครงการและงบประมาณ,คป.,บก.อจปร.อร.
0524514,กองการเงิน,กง.,บก.อจปร.อร.
0524515,กองพัฒนาการบริหาร,กพ.,บก.อจปร.อร.
052452,กองแผนและประมาณการช่าง,กผป.,อจปร.อร.
052453,กองออกแบบ,กอบ.,อจปร.อร.
052454,กองพัสดุช่าง,กพด.,อจปร.อร.
052455,กองควบคุมคุณภาพ,กคภ.,อจปร.อร.
052456,กองบริหารงานซ่อมสร้าง,กซส.,อจปร.อร.
052457,กองโรงงานเครื่องกล,กรก.,อจปร.อร.
052458,กองโรงงานเรือเหล็ก,กรล.,อจปร.อร.
052459,กองโรงงานเบ็ดเตล็ด,กบต.,อจปร.อร.
0524510,กองโรงงานไฟฟ้า,กฟฟ.,อจปร.อร.
0524511,กองสนับสนุน,กสน.,อจปร.อร.
05246,ศูนย์พัสดุช่าง,ศพด.,อร.
052461,แผนกสำรวจและตรวจสอบ ศพด.อร.,Null,Null
052462,แผนกเทคนิค ศพด.อร.,Null,Null
052463,แผนกควบคุม ศพด.อร.,Null,Null
052464,แผนกจัดหา ศพด.อร.,Null,Null
052465,แผนกพัสดุ ศพด.อร.,Null,Null
05247,อู่ราชนาวีมหิดลอดุลยเดช,อรม.,อร.
052471,กองบังคับการ,บก.,อรม.อร.
0524711,กองการจัด,กจก.,บก.อรม.อร.
0524712,กองกำลังพล,กพ.,บก.อรม.อร.
0524713,กองส่งกำลังบำรุง,กบ.,บก.อรม.อร.
0524714,กองการเงิน,กง.,บก.อรม.อร.
0524715,แผนกพระธรรมนูญ บก.อรม.อร.,Null,Null
052472,กองแผนและประมาณการช่าง,กผป.,อรม.อร.
052473,กองควบคุมคุณภาพ,กคภ.,อรม.อร.
052474,กองโรงงานเครื่องกล,กรก.,อรม.อร.
052475,กองโรงงานเรือเหล็ก,กรล.,อรม.อร.
052476,กองโรงงานไฟฟ้า,กฟฟ.,อรม.อร.
052477,กองสนับสนุน,กอง สน.,อรม.อร.
052478,กองพัสดุช่าง,กพด.,อรม.อร.
0525,กรมอิเล็กทรอนิกส์ทหารเรือ,อล.ทร.,Null
05251,กองบังคับการ,บก.,อล.ทร.
052511,กองกำลังพลและธุรการ,กพ.,อล.ทร.
0525111,แผนกธุรการ กพ.อล.ทร.,Null,Null
0525112,แผนกกำลังพล กพ.อล.ทร.,Null,Null
0525113,แผนกจัดการ กพ.อล.ทร.,Null,Null
052512,กองส่งกำลังบำรุง,กบ.,อล.ทร.
0525121,แผนกโครงการและงบประมาณ กบ.อล.ทร.,Null,Null
0525122,แผนกส่งกำลัง กบ.อล.ทร.,Null,Null
0525123,แผนกสนับสนุน กบ.อล.ทร.,Null,Null
052513,กองการเงิน,กง.,บก.อล.ทร.
052514,แผนกพระธรรมนูญ บก.อล.ทร.,Null,Null
05252,กองแผนการช่าง,กผกช.,อล.ทร.
052521,แผนกแผนงาน กผกช.อล.ทร.,Null,Null
052522,แผนกสำรวจ ตรวจสอบ และออกแบบ กผกช.อล.ทร.,Null,Null
052523,แผนกควบคุมและประมาณราคา กผกช.อล.ทร.,Null,Null
05253,กองวิทยาการ,กวก.,อล.ทร.
052531,แผนกแผนและโครงการ กวก.อล.ทร.,Null,Null
052532,แผนกวิทยาการ กวก.อล.ทร.,Null,Null
052533,โรงเรียนอิเล็กทรอนิกส์,รร.อล.,กวก.อล.ทร.
052534,แผนกบริการ กวก.อล.ทร.,Null,Null
05254,กองโรงงานอิเล็กทรอนิกส์ที่ 1,กอล.1,อล.ทร.
052541,แผนกเครื่องสื่อสาร กอล.1 อล.ทร.,Null,Null
052542,แผนกเครื่องประมวลแสดงผลและเครือข่าย กอล.1 อล.ทร.,Null,Null
052543,แผนกเครื่องมือวัด กอล.1 อล.ทร.,Null,Null
052544,แผนกอุปกรณ์สนับสนุน กอล.1 อล.ทร.,Null,Null
052545,แผนกเครื่องโทรศัพท์ กอล.1 อล.ทร.,Null,Null
05255,กองโรงงานอิเล็กทรอนิกส์ที่ 2,กอล.2,อล.ทร.
052551,แผนกเครื่องสื่อสาร กอล.2 อล.ทร.,Null,Null
052552,แผนกเครื่องเรดาร์ กอล.2 อล.ทร.,Null,Null
052553,แผนกเครื่องเสียงใต้น้ำ กอล.2 อล.ทร.,Null,Null
052554,แผนกเครื่องประมวลแสดงผลและเครือข่าย กอล.2 อล.ทร.,Null,Null
052555,แผนกเครื่องมือวัด กอล.2 อล.ทร.,Null,Null
052556,แผนกเครื่องมือเดินเรือ กอล.2 อล.ทร.,Null,Null
052557,แผนกเครื่องควบคุมเครื่องจักร กอล.2 อล.ทร.,Null,Null
052558,แผนกอุปกรณ์สนับสนุน กอล.2 อล.ทร.,Null,Null
052559,แผนกอุปกรณ์จ่ายไฟอิเล็กทรอนิกส์ กอล.2 อล.ทร.,Null,Null
05256,กองโรงงานอิเล็กทรอนิกส์ที่ 3,กอล.3,อล.ทร.
052561,แผนกเครื่องสื่อสาร กอล.3 อล.ทร.,Null,Null
052562,แผนกเครื่องเรดาร์ กอล.3 อล.ทร.,Null,Null
052563,แผนกเครื่องเสียงใต้น้ำ กอล.3 อล.ทร.,Null,Null
052564,แผนกเครื่องประมวลแสดงผลและเครือข่าย กอล.3 อล.ทร.,Null,Null
052565,แผนกเครื่องมือวัด กอล.3 อล.ทร.,Null,Null
052566,แผนกเครื่องมือเดินเรือ กอล.3 อล.ทร.,Null,Null
052567,แผนกเครื่องควบคุมเครื่องจักร กอล.3 อล.ทร.,Null,Null
052568,แผนกอุปกรณ์สนับสนุน กอล.3 อล.ทร.,Null,Null
052569,แผนกอุปกรณ์จ่ายไฟอิเล็กทรอนิกส์ กอล.3 อล.ทร.,Null,Null
0525610,แผนกเครื่องโทรศัพท์ กอล.3 อล.ทร.,Null,Null
05257,กองควบคุมคุณภาพ,กคภ.,อล.ทร.
052571,แผนกเทคนิคการตรวจวัด กคภ.อล.ทร.,Null,Null
052572,แผนกตรวจสอบและประเมินผล กคภ.อล.ทร.,Null,Null
05258,กองพัสดุ,กพสด.,อล.ทร.
052581,แผนกจัดหา กพสด.อล.ทร.,Null,Null
052582,แผนกตรวจรับ กพสด.อล.ทร.,Null,Null
052583,แผนกคลัง กพสด.อล.ทร.,Null,Null
0526,กรมช่างโยธาทหารเรือ,ชย.ทร.,Null
05261,กองบังคับการ,บก.,ชย.ทร.
052611,กองกำลังพลและธุรการ,กพ.,บก.ชย.ทร.
052612,แผนกการเงิน บก.ชย.ทร.,Null,Null
052613,แผนกพระธรรมนูญ บก.ชย.ทร.,Null,Null
05262,กองแผนและโครงการ,กผค.,ชย.ทร.
05263,กองบริหารงานช่าง,กงช.,ชย.ทร.
05264,กองออกแบบ,กอบ.,ชย.ทร.
05265,กองงานโยธา,กงย.,ชย.ทร.
05266,กองงานเครื่องกล,กงค.,ชย.ทร.
05267,กองงานไฟฟ้า,กงฟ.,ชย.ทร.
05268,กองการพัสดุ,กพสด.,ชย.ทร.
05269,กองวิทยาการ,กวก.,ชย.ทร.
0527,กรมสรรพาวุธทหารเรือ,สพ.ทร.,Null
05271,กองบังคับการ,บก.,สพ.ทร.
05272,ศูนย์ซ่อมสร้างสรรพาวุธ,ศชส.,สพ.ทร.
052721,กองบริหารงานซ่อมสร้าง,กบช.,ศชส.สพ.ทร.
052722,กองทดสอบสรรพาวุธ,กทว.,ศชส.สพ.ทร.
052723,กองโรงงานช่างแสง,กรช.,ศชส.สพ.ทร.
052724,กองโรงงานไฟฟ้าอาวุธ,กฟอ.,ศชส.สพ.ทร.
05273,กองอาวุธปล่อยนำวิถี,กอว.,สพ.ทร.
05274,กองอาวุธใต้น้ำ,กอน.,สพ.ทร.
05275,กองโรงงานผลิตลูกปืนและวัตถุระเบิด,กผร.,สพ.ทร.
05276,กองประดาน้ำและถอดทำลายอมภัณฑ์,กปถ.,สพ.ทร.
05277,กองสนับสนุน,กอง สน.,สพ.ทร.
05278,กองคลังสรรพาวุธ,กคส.,สพ.ทร.
052719,กองวิทยาการ,กวก.,สพ.ทร.
0528,กรมพลาธิการทหารเรือ,พธ.ทร.,Null
05281,กองบังคับการ,บก.,พธ.ทร.
05282,กองควบคุม,กคค.,พธ.ทร.
05283,กองการจัดหา,กจห.,พธ.ทร.
05284,กองการพัสดุทางทหารต่างประเทศ,กพทต.,พธ.ทร.
05285,กองโรงงาน,กงน.,พธ.ทร.
05286,กองตรวจรับ,กรร.,พธ.ทร.
05287,กองคลังพลาธิการ,กคพธ.,พธ.ทร.
05288,กองเชื้อเพลิง,กชพ.,พธ.ทร.
05289,กองการเงิน,กกง.,พธ.ทร.
052810,กองบริการ,กบก.,พธ.ทร.
052811,โรงเรียนพลาธิการ,รร.พธ.,พธ.ทร.
052812,ศูนย์บริหารข่าวสารการพัสดุ,ศบพ.,พธ.ทร.
052813,ศูนย์ส่งกำลัง,ศกล.,พธ.ทร.
0529,กรมแพทย์ทหารเรือ,พร.,Null
05291,กองบังคับการ,บก.,พร.
052911,แผนกธุรการ บก.พร.,Null,Null
052912,กองกำลังพล,กพ.,บก.พร.
052913,กองแผน,กผ.,บก.พร.
052914,กองโครงการและงบประมาณ,คป.,บก.พร.
052915,กองส่งกำลังบำรุง,กบ.,บก.พร.
05292,กองการเงิน,กกง,พร.
052921,แผนกบัญชี กกง.พร.,Null,Null
052922,แผนกควบคุมการเบิกจ่าย กกง.พร.,Null,Null
052923,แผนกรับจ่ายเงิน กกง.พร.,Null,Null
052924,แผนกเงินรายได้ กกง.พร.,Null,Null
05293,กองสวัสดิการสุขภาพ,กสส.,พร.
052931,แผนกจัดการ กสส.พร.,Null,Null
052932,แผนกบริการสุขภาพ กสส.พร.,Null,Null
052933,แผนกสิทธิสวัสดิการสุขภาพ กสส.พร.,Null,Null
05294,กองเวชสารสนเทศ,กวส.,พร.
052941,แผนกสารสนเทศ กวส.พร.,Null,Null
052942,แผนกสถิติและประเมิน กวส.พร.,Null,Null
052943,แผนกข้อมูลข่าวสาร กวส.พร.,Null,Null
05295,กองเวชกรรมป้องกัน,กกป.,พร.
052951,แผนกนโยบายและแผน กกป.พร.,Null,Null
052952,แผนกปฏิบัติการ กกป.พร.,Null,Null
05296,กองเวชศาสตร์ใต้น้ำและการบิน,กวตบ.,พร.
052961,แผนกเวชศาสตร์ใต้น้ำ กวตบ.พร.,Null,Null
052962,แผนกเวชศาสตร์การบิน กวตบ.พร.,Null,Null
052963,แผนกปรับบรรยากาศ กวตบ.พร.,Null,Null
05297,กองส่งกำลังสายแพทย์,กสพ.,พร.
052971,แผนกเภสัชกรรมบริการ กสพ.พร.,Null,Null
052972,แผนกจัดหา กสพ.พร.,Null,Null
052973,แผนกคลัง กสพ.พร.,Null,Null
052974,แผนกควบคุม กสพ.พร.,Null,Null
05298,ศูนย์วิทยาการ,ศวก.,พร.
052981,กองวิทยาการ,กวก.,ศวก.พร.
052982,วิทยาลัยพยาบาลกองทัพเรือ,วพร.,ศวก.พร.
052983,โรงเรียนนาวิกเวชกิจ,รร.นวก.,ศวก.พร.
05299,โรงพยาบาลสมเด็จพระปิ่นเกล้า,รพ.สมเด็จพระปิ่นเกล้า,พร.
052991,กองอำนวยการ,กอ.,รพ.สมเด็จพระปิ่นเกล้า พร.
052992,กองการเงิน,กกง.,รพ.สมเด็จพระปิ่นเกล้า พร.
052993,ฝ่ายบริการสุขภาพ รพ.สมเด็จพระปิ่นเกล้า พร.,Null,Null
052994,ฝ่ายสนับสนุน รพ.สมเด็จพระปิ่นเกล้า พร.,Null,Null
052910,โรงพยาบาลสมเด็จพระนางเจ้าสิริกิติ์,รพ.สมเด็จพระนางเจ้าสิริกิติ์,พร.
0529101,กองอำนวยการ,กอ.,รพ.สมเด็จพระนางเจ้าสิริกิติ์ พร.
0529102,กองการเงิน,กกง.,รพ.สมเด็จพระนางเจ้าสิริกิติ์ พร.
0529103,ฝ่ายบริการสุขภาพ รพ.สมเด็จพระนางเจ้าสิริกิติ์ พร.,Null,Null
0529104,ฝ่ายสนับสนุน รพ.สมเด็จพระนางเจ้าสิริกิติ์ พร.,Null,Null
052911,โรงพยาบาลทหารเรือกรุงเทพ,รพ.ทร.กรุงเทพ,พร.
0529111,กองอำนวยการ,กอ.,รพ.ทร.กรุงเทพ พร.
0529112,ฝ่ายบริการสุขภาพ รพ.ทร.กรุงเทพ พร.,Null,Null
0529113,กองสุขภาพจิตและบำบัดยาเสพติด รพ.ทร.กรุงเทพ พร.,Null,Null
052912,ศูนย์ทันตกรรม,ศทก.,พร.
0529121,แผนกธุรการ ศทก.พร.,Null,Null
0529122,กองทันตกรรมที่ 1 ศทก.พร.,Null,Null
0529123,กองทันตกรรมที่ 2 ศทก.พร.,Null,Null
0529124,กองวิทยาการ,กวก.,ศทก.พร.
052913,กองสนับสนุน,กอง สน.,พร.
0529131,แผนกวิศวกรรมโรงพยาบาล กอง สน.พร.,Null,Null
0529132,แผนกซ่อมบำรุงสิ่งอุปกรณ์ทางการแพทย์ กอง สน.พร.,Null,Null
0529133,แผนกขนส่ง กอง สน.พร.,Null,Null
0529134,หมวดบริการ กอง สน.พร.,Null,Null
0530,กรมขนส่งทหารเรือ,ขส.ทร.,Null
05301,กองบังคับการ,บก.,ขส.ทร.
053011,กองกำลังพลและธุรการ,กพ.,ขส.ทร.
053012,กองแผน,กผน.,ขส.ทร.
053013,กองส่งกำลังบำรุง,กบ.,ขส.ทร.
053014,กองจัดการขนส่ง,กจข.,ขส.ทร.
053015,แผนกการเงิน ขส.ทร.,Null,Null
053016,แผนกพระธรรมนูญ ขส.ทร.,Null,Null
05302,กองรถยนต์,กรย.,ขส.ทร.
05303,กองเรือเล็ก,กรล.,ขส.ทร.
05304,กองโรงงาน,กงน.,ขส.ทร.
05305,กองการพัสดุ,กพสด.,ขส.ทร.
05306,กองวิทยาการ,กวก.,ขส.ทร.
0531,กรมอุทกศาสตร์,อศ.,Null
05311,กองบังคับการ,บก.,อศ.
053111,แผนกธุรการ บก.อศ.,Null,Null
053112,แผนกกำลังพล บก.อศ.,Null,Null
053113,แผนกแผนโครงการและงบประมาณ บก.อศ.,Null,Null
053114,แผนกการเงิน บก.อศ.,Null,Null
053115,แผนกวิทยาการและวิเทศสัมพันธ์ บก.อศ.,Null,Null
05312,ศูนย์ข้อมูลข่าวกรองภูมิสารสนเทศทางอุทกศาสตร์,ศภอ.,อศ.
053121,กองภูมิสารสนเทศทางอุทกศาสตร์,กภอ.,ศภอ.อศ.
053122,กองสมุทรศาสตร์,กมศ.,ศภอ.อศ.
053123,กองอุตุนิยมวิทยา,กอต.,ศภอ.อศ.
053124,กองสำรวจแผนที่,กรท.,ศภอ.อศ.
05313,ศูนย์สนับสนุนการเดินเรือ,ศสด.,อศ.
053131,กองบริการการเดินเรือ,กบด.,ศสด.อศ.
053132,กองเครื่องหมายทางเรือ,กคม.,ศสด.อศ.
053133,สถานีอุทกศาสตร์สัตหีบ,สอส.,ศสด.อศ.
053134,สถานีอุทกศาสตร์หัวหิน,สอ.,ศสด.อศ.
053135,สถานีอุทกศาสตร์สงขลา,สอข.,ศสด.อศ.
053136,สถานีอุทกศาสตร์พังงา,สอพ.,ศสด.อศ.
05314,หมวดเรืออุทกศาสตร์,มวอ.,อศ.
053141,กองบังคับการ,บก.,มวอ.อศ.
053142,หมู่เรือสำรวจ,มวอ.อศ.,Null
0531421,ร.ล.จันทร หมู่เรือสำรวจ,มวอ.อศ.,Null
0531422,ร.ล.ศุกร์ หมู่เรือสำรวจ,มวอ.อศ.,Null
0531423,ร.ล.พฤหัสบดี หมู่เรือสำรวจ,มวอ.อศ.,Null
0531424,เรือ อศ.3 หมู่เรือสำรวจ,มวอ.อศ.,Null
053143,หมู่เรือใช้งานเครื่องหมายทางเรือ,มรค.,มวอ.อศ.
0531431,ร.ล.สุริยะ มรค.มวอ.อศ.,Null,Null
05315,กองบริหารพัสดุอุทกศาสตร์,กบพ.,อศ.
05316,โรงเรียนอุทกศาสตร์,รร.อศ.,Null
0532,กรมสวัสดิการทหารเรือ,สก.ทร.,Null
05321,กองบังคับการ,บก.,สก.ทร.
053211,แผนกธุรการ บก.สก.ทร.,Null,Null
053212,แผนกการเงิน บก.สก.ทร.,Null,Null
053213,แผนกแผน บก.สก.ทร.,Null,Null
053214,แผนกโครงการและงบประมาณ บก.สก.ทร.,Null,Null
053215,แผนกสถิติ บก.สก.ทร.,Null,Null
05322,กองการสงเคราะห์,กสค.,สก.ทร.
053221,แผนกสังคมสงเคราะห์ กสค.สก.ทร.,Null,Null
053222,แผนกทหารผ่านศึก กสค.สก.ทร.,Null,Null
053223,แผนกฌาปนกิจ กสค.สก.ทร.,Null,Null
053224,แผนกฌาปนสถาน กสค.สก.ทร.,Null,Null
05323,กองการจัดหาและบริการ,กจบ.,สก.ทร.
053231,แผนกพลาธิการ กจบ.สก.ทร.,Null,Null
053232,แผนกสหกรณ์ กจบ.สก.ทร.,Null,Null
053233,แผนกภัณฑปกรณ์ กจบ.สก.ทร.,Null,Null
05324,กองการกีฬา,กกพ.,สก.ทร.
053241,แผนกวิชาการและส่งเสริมการกีฬา กกพ.สก.ทร.,Null,Null
053242,แผนกการฝึกและจัดการแข่งขัน กกพ.สก.ทร.,Null,Null
053243,แผนกสถานที่และอุปกรณ์การกีฬา กกพ.สก.ทร.,Null,Null
05325,กองการอาคารที่พัก,กอพ.,สก.ทร.
053251,แผนกจัดการ กอพ.สก.ทร.,Null,Null
053252,แผนกควบคุม กอพ.สก.ทร.,Null,Null
053253,แผนกพัฒนาและบริการ กอพ.สก.ทร.,Null,Null
05326,กองอาชีวสงเคราะห์,กชส.,สก.ทร.
053261,แผนกวิชาการและการฝึก กชส.สก.ทร.,Null,Null
053262,แผนกที่ดิน กชส.สก.ทร.,Null,Null
053263,ศูนย์เศรษฐกิจพอเพียงทหารเรือโยทะกา กชส.สก.ทร.,Null,Null
053264,ศูนย์เกษตรกรรมทหารเรือบางพระ กชส.สก.ทร.,Null,Null
053265,ศูนย์เกษตรกรรมทหารเรือป้อมพระจุลจอมเกล้า กชส.สก.ทร.,Null,Null
05327,กองสนับสนุน,กอง สน.,สก.ทร.
053271,แผนกขนส่ง กอง สน.สก.ทร.,Null,Null
053272,แผนกช่างโยธา กอง สน.สก.ทร.,Null,Null
053273,แผนกซ่อมบำรุง กอง สน.สก.ทร.,Null,Null
0533,กรมวิทยาศาสตร์ทหารเรือ,วศ.ทร.,Null
05331,กองบังคับการ,บก.,วศ.ทร.
05332,กองวิเคราะห์และทดสอบ,กวทส.,วศ.ทร.
05333,กองวิทยาการ,กวก.,วศ.ทร.
05334,กองผลิตและซ่อมบำรุง,กผบ.,วศ.ทร.
05335,กองนิวเคลียร์ ชีวะ เคมี วศ.ทร.,Null,Null
05336,แผนกคลังวิทยาศาสตร์ วศ.ทร.,Null,Null
0534,กรมยุทธศึกษาทหารเรือ,ยศ.ทร.,Null
05341,กองบัญชาการ,บก.,ยศ.ทร.
053411,กองกำลังพลและธุรการ,กธก.,บก.ยศ.ทร.
053412,กองการศึกษา,กศษ.,บก.ยศ.ทร.
053413,กองส่งกำลังบำรุง,กบ.,บก.ยศ.ทร.
053414,กองการเงิน,กง.,บก.ยศ.ทร.
053415,สำนักงานราชนาวิกสภา,สน.รนภ.,บก.ยศ.ทร.
053416,สำนักงานนายทหารกิจการพลเรือน,สน.นกร.,ยศ.ทร.
05342,ฝ่ายวิชาการ,ฝวก.,ยศ.ทร.
05343,วิทยาลัยการทัพเรือ,วทร.,ยศ.ทร.
05344,โรงเรียนเสนาธิการทหารเรือ,รร.สธ.ทร.,ยศ.ทร.
05345,โรงเรียนนายทหารเรือชั้นต้น,รร.ชต.,ยศ.ทร.
05346,โรงเรียนพันจ่า,รร.พจ.,ยศ.ทร.
05347,โรงเรียนชุมพลทหารเรือ,รร.ชุมพลฯ,ยศ.ทร.
053471,กองบังคับการ,บก.,รร.ชุมพลฯ ยศ.ทร.
053472,กองนักเรียน,กนร.,รร.ชุมพลฯ ยศ.ทร.
053473,กองการศึกษา,กศษ.,รร.ชุมพลฯ ยศ.ทร.
053474,กองบริการ,กบก.,รร.ชุมพลฯ ยศ.ทร.
053475,แผนกแพทย์ รร.ชุมพลฯ ยศ.ทร.,Null,Null
05348,ศูนย์ฝึกทหารใหม่,ศฝท.,ยศ.ทร.
05349,ศูนย์ภาษา,ศภษ.,ยศ.ทร.
053410,ศูนย์ศึกษายุทธศาสตร์ทหารเรือ,ศยร.,ยศ.ทร.
0534101,กองศึกษายุทธศาสตร์,กศย.,ศยร.ยศ.ทร.
0534102,กองศึกษาการสงครามทางเรือ,กศร.,ศยร.ยศ.ทร.
0534103,กองการจำลองยุทธ์,กจล.,ศยร.ยศ.ทร.
053411,กองบริการการศึกษา,กบศ.,ยศ.ทร.
053412,กองประกันคุณภาพการศึกษา,กปภ.,ยศ.ทร.
053413,กองห้องสมุด,กหส.,ยศ.ทร.
053414,กองประวัติศาตร์,กปศ.,ยศ.ทร.
0534141,แผนกประวัติการทหารเรือ กปศ.ยศ.ทร.,Null,Null
0534142,แผนกพิพิธภัณฑ์ กปศ.ยศ.ทร.,Null,Null
0534143,แผนกการพิธี กปศ.ยศ.ทร.,Null,Null
0534144,แผนกเอกสาร กปศ.ยศ.ทร.,Null,Null
0534145,แผนกจัดเก็บข้อมูล กปศ.ยศ.ทร.,Null,Null
053415,กองอนุศาสนาจารย์,กอศ.,ยศ.ทร.
053416,กองสนับสนุน,กอง สน.,ยศ.ทร.
0535,โรงเรียนนายเรือ,รร.นร.,Null
05351,กองบัญชาการ,บก.,รร.นร.
053511,กองกำลังพล,กพ.,บก.รร.นร.
053512,กองยุทธการและการข่าว,ยก.ขว.,บก.รร.นร.
053513,กองส่งกำลังบำรุง,กบ.,บก.รร.นร.
053514,กองกิจการพลเรือน,กพร.,บก.รร.นร.
053515,กองโครงการและงบประมาณ,คป.,บก.รร.นร.
053516,อนุศาสนาจารย์,อศจ.,บก.รร.นร.
053517,นายทหารพระธรรมนูญ,นธน.,บก.รร.นร.
053518,แผนกธุรการ บก.รร.นร.,Null,Null
053519,แผนกการเงิน บก.รร.นร.,Null,Null
05352,กรมนักเรียนนายเรือรักษาพระองค์,กรม นนร.รอ.,รร.นร.
053521,กองบังคับการ,บก.,กรม นนร.รอ.รร.นร.
053522,กองพันที่ 1,พัน.1,กรม นนร.รอ.รร.นร.
053523,กองพันที่ 2,พัน.2,กรม นนร.รอ.รร.นร.
053524,กองพันที่ 3,พัน.3,กรม นนร.รอ.รร.นร.
053525,กองพันที่ 4,พัน.4,กรม นนร.รอ.รร.นร.
05353,ฝ่ายศึกษา,ฝศษ.,รร.นร.
053531,กองวิชาการอาวุธและยุทธวิธี,กวอย.,ฝศษ.รร.นร.
053532,กองวิชาการเรือและเดินเรือ,กวกด.,ฝศษ.รร.นร.
053533,กองวิชาคณิตศาสตร์,กวณ.,ฝศษ.รร.นร.
053534,กองวิชาฟิสิกส์และเคมี,กวฟค.,ฝศษ.รร.นร.
053535,กองวิชามนุษยศาสตร์,กวมษ.,ฝศษ.รร.นร.
053536,กองวิชากฎหมายและสังคมศาสตร์,กวกส.,ฝศษ.รร.นร.
053537,กองวิชาวิศวกรรมศาสตร์,กววศ.,ฝศษ.รร.นร.
053538,กองวิชาวิศวกรรมเครื่องกลเรือ,กววร.,ฝศษ.รร.นร.
053539,กองวิชาวิศวกรรมอุทกศาสตร์,กววอ.,ฝศษ.รร.นร.
0535310,กองวิชาบริหารงานวิเคราะห์,กวบว.,ฝศษ.รร.นร.
0535311,แผนกห้องสมุด ฝศษ.รร.นร.,Null,Null
0535312,กองพลศึกษา,กพล.,ฝศษ.รร.นร.
05354,ฝ่ายบริการ,ฝบก.,รร.นร.
053541,กองบริการ,กบก.,ฝบก.รร.นร.
053542,กองโรงงาน,กงน.,ฝบก.รร.นร.
053543,กองเครื่องช่วยการศึกษา,กคช.,ฝบก.รร.นร.
053544,หมวดดุริยางค์,มว.ดย.,ฝบก.รร.นร.
05355,กองประกันคุณภาพการศึกษาสถิติและวิจัย รร.นร.,Null,Null
05356,โรงพยาบาล รร.นร.,Null,Null
0536,สำนักงานวิจัยและพัฒนาการทางทหารกองทัพเรือ,สวพ.ทร.,Null
05361,แผนกธุรการ สวพ.ทร.,Null,Null
05362,แผนกการเงิน สวพ.ทร.,Null,Null
05363,กองแผนและโครงการ,กผค.,สวพ.ทร.
053631,แผนกนโยบายและแผน กผค.สวพ.ทร.,Null,Null
053632,แผนกโครงการ กผค.สวพ.ทร.,Null,Null
053633,แผนกวิเคราะห์และประเมินค่าโครงการ กผค.สวพ.ทร.,Null,Null
053634,แผนกงบประมาณ กผค.สวพ.ทร.,Null,Null
05364,กองวิจัยและพัฒนา,กวจพ.,สวพ.ทร.
053641,แผนกโครงสร้างและเครื่องกล กวจพ.สวพ.ทร.,Null,Null
053642,แผนกไฟฟ้าอิเล็กทรอนิกส์และคอมพิวเตอร์ กวจพ.สวพ.ทร.,Null,Null
053643,แผนกวิเคราะห์ปฏิบัติการทางทหาร กวจพ.สวพ.ทร.,Null,Null
053644,แผนกวิทยาศาสตร์ทางทะเล กวจพ.สวพ.ทร.,Null,Null
053645,แผนกพัฒนาต้นแบบ กวจพ.สวพ.ทร.,Null,Null
05365,กองวิทยาการ,กวก.,สวพ.ทร.
053651,แผนกวิทยาการ กวก.สวพ.ทร.,Null,Null
053652,แผนกกรรมวิธีข้อมูล กวก.สวพ.ทร.,Null,Null
053653,แผนกห้องสมุด กวก.สวพ.ทร.,Null,Null
053654,แผนกรวบรวมและเผยแพร่งานวิจัย กวก.สวพ.ทร.,Null,Null
05366,กองควบคุมคุณภาพ,กคภ.,สวพ.ทร.
053661,แผนกมาตรฐานการทดลอง กคภ.สวพ.ทร.,Null,Null
053662,แผนกทดลองผลผลิต กคภ.สวพ.ทร.,Null,Null
053663,แผนกประเมิน กคภ.สวพ.ทร.,Null,Null
053664,แผนกรับรองมาตรฐาน กคภ.สวพ.ทร.,Null,Null
053665,แผนกส่งเสริมและสิทธิประโยชน์ กคภ.สวพ.ทร.,Null,Null
0537,ศูนย์ปฏิบัติการกองทัพเรือ,ศปก.ทร.,Null
05371,กองบัญชาการ,บก.,ศปก.ทร.
05372,ฝ่ายกำลังพล,ฝกพ.,ศปก.ทร.
05373,ฝ่ายข่าว,ฝขว.,ศปก.ทร.
05374,ฝ่ายยุทธการ,ฝยก.,ศปก.ทร.
05375,ฝ่ายส่งกำลังบำรุง,ฝกบ.,ศปก.ทร.
05376,ฝ่ายสื่อสารและอิเล็กทรอนิกส์,ฝสท.,ศปก.ทร.
05377,ฝ่ายกิจการพลเรือน,ฝกร.,ศปก.ทร.
05378,ฝ่ายปลัดบัญชี,ฝปช.,ศปก.ทร.
05379,ศูนย์ข้อมูลข่าวสารทางทะเล,ศขท.,ศปก.ทร.
053710,สำนักงาน,สน.,ศปก.ทร.
0538,กองบัญชาการป้องกันชายแดนจันทบุรีและตราด,กปช.จต.,Null
05381,กองบัญชาการ,บก.,กปช.จต.
053811,กองกำลังพล,กพ.,บก.กปช.จต.
053812,กองข่าว,ขว.,บก.กปช.จต.
053813,กองยุทธการ,ยก.,บก.กปช.จต.
053814,กองส่งกำลังบำรุง,กบ.,บก.กปช.จต.
053815,กองกิจการพลเรือน,กพร.,บก.กปช.จต.
053816,กองโครงการและงบประมาณ,คป.,บก.กปช.จต.
053817,ฝ่ายกิจการพิเศษ บก.กปช.จต.,Null,Null
05382,ศูนย์จัดระบบป้องกันเพื่อจัดระเบียบพื้นที่ชายแดน,ศปชด.,กปช.จต.
05383,กองกำลังด้านจันทบุรี – ตราด,กจต.,Null
053831,กองกำลังพล,กพ.,กจต.
053832,กองข่าว,ขว.,กจต.
053833,กองยุทธการ,ยก.,กจต.
053834,กองส่งกำลังบำรุง,กบ.,กจต.
053835,กองกิจการพลเรือน,กพร.,กจต.
053836,กองโครงการและงบประมาณ,คป.,กจต.
053837,ฝ่ายกิจการพิเศษ กจต.,Null,Null
053838,กองร้อยกองบัญชาการ,ร้อย.บก.,กจต.
053839,กองสนับสนุนการช่วยรบ,กอง สนช.,กจต.
0538310,กองร้อยทหารช่าง,ร้อย.ช.,กจต.
0538311,หมวดปฏิบัติการจิตวิทยา,มว.ปจว.,กจต.
0538312,หมวดสารวัตรทหาร,มว.สห.,กจต.กปช.จต.
0538313,หน่วยเฉพาะกิจนาวิกโยธินจันทบุรี,ฉก.นย.จันทบุรี,กจต.
05383131,กองพันทหารราบ,พัน.ร.,ฉก.นย.จันทบุรี กจต.
0538314,หน่วยเฉพาะกิจนาวิกโยธินตราด,ฉก.นย.ตราด,กจต.
05383141,กองพันทหารราบ,พัน.ร.,ฉก.นย.ตราด กจต.
0538315,กองพันทหารปืนใหญ่,พัน.ป.,กจต.
0538316,หน่วยเฉพาะกิจนาวิกโยธิน 182,ฉก.นย.182,Null
0538317,ชุดเฝ้าตรวจเป็นพื้นที่ระยะไกล,ฝตก.,กจต.
0538318,กองร้อยยานเกราะ,ร้อย.ยานเกราะ,กจต.
0538319,หมวดลาดตระเวนระยะไกล,มว.ลว.ไกล,กจต.
0538320,หน่วยเรดาร์ตรวจการณ์พื้นน้ำ กจต.,Null,Null
05384,หน่วยปฏิบัติการทุ่นระเบิดด้านมนุษยธรรม กองทัพเรือ,นปท.ทร.,กปช.จต.
05385,สำนักงานประสานงานชายแดนไทย - กัมพูชา,สน.ปทก.,กปช.จต.
053851,หน่วยประสานงานชายแดนประจำพื้นที่จันทบุรี,นปพท.จันทบุรี,สน.ปทก.กปช.จต.
053852,หน่วยประสานงานชายแดนประจำพื้นที่ตราด,นปพท.ตราด,สน.ปทก.กปช.จต.
05386,สำนักงานเลขานุการคณะกรรมการพัฒนาเพื่อเสริมความมั่นคงในระดับพื้นที่ในเขต กองบัญชาการป้องกันชายแดนจันทบุรีและตราด,สล. พมพ.กปช.จต.,Null
0539,หน่วยเฉพาะกิจนาวิกโยธินกองทัพเรือ,ฉก.นย.ทร.,Null
05391,กองบังคับการ,บก.,ฉก.นย.ทร.
05392,กองร้อยลาดตระเวน,ร้อย.ลว.,ฉก.นย.ทร.
05393,กองร้อยรักษาความปลอดภัยสนามบิน,ร้อย.รปภ.สนามบิน,ฉก.นย.ทร.
05394,หน่วยปฏิบัติการทางน้ำ,นปน.,ฉก.นย.ทร.
05395,หมวดทหารช่าง,มว.ช.,ฉก.นย.ทร.
05396,หมวดทำลายล้างวัตถุระเบิด,มว.ทลบ.,ฉก.นย.ทร.
05397,ชุดแพทย์เคลื่อนที่,ชพค.,ฉก.นย.ทร.
05398,หน่วยเฉพาะกิจนาวิกโยธินกองทัพเรือ 32,ฉก.นย.ทร.32,ฉก.นย.ทร.
05399,หน่วยเฉพาะกิจนาวิกโยธินกองทัพเรือ 33,ฉก.นย.ทร.33,ฉก.นย.ทร.
0540,หน่วยเฉพาะกิจนาวิกโยธินภาคใต้,ฉก.นย.ภต.,Null
05401,กองบังคับการ,บก.,ฉก.นย.ภต.
05402,ศูนย์ซักถามและรวบรวมข่าว ฉก.นย.ภต.,Null,Null
05403,หน่วยสนับสนุนการพัฒนาและช่วยเหลือประชาชน ฉก.นย.ภต.,Null,Null
05404,ชุดแพทย์เคลื่อนที่,ชพค.,ฉก.นย.ภต.
05405,หมวดบินเฉพาะกิจภาคใต้,มวบ.ฉก.ภต.,Null
05406,หน่วยค้นหาและต่อต้านวัตถุระเบิด,นคท.,ฉก.นย.ภต.
0541,หน่วยเรือรักษาความสงบเรียบร้อยตามลำแม่น้ำโขง,นรข.,Null
05411,หน่วยเรือรักษาความสงบเรียบร้อยตามลำแม่น้ำโขง เขตเชียงราย,นรข.เขตเชียงราย,Null
054111,สถานีเรือเชียงแสน,สน.เรือเชียงแสน,นรข.เขตเชียงราย
054112,สถานีเรือเชียงของ,สน.เรือเชียงของ,นรข.เขตเชียงราย
05412,หน่วยเรือรักษาความสงบเรียบร้อยตามลำแม่น้ำโขง เขตหนองคาย,นรข เขตหนองคาย,Null
054121,สถานีเรือเชียงคาน,สน.เรือเชียงคาน,นรข.เขตหนองคาย
054122,สถานีเรือสังคม,สน.เรือสังคม,นรข.เขตหนองคาย
054123,สถานีเรือศรีเชียงใหม่,สน.เรือศรีเชียงใหม่,นรข.เขตหนองคาย
054124,สถานีเรือหนองคาย,สน.เรือหนองคาย,นรข.เขตหนองคาย
054125,สถานีเรือรัตนวาปี,สน.เรือรัตนวาปี,นรข.เขตหนองคาย
054126,สถานีเรือบึงกาฬ,สน.เรือบึงกาฬ,นรข.เขตหนองคาย
05413,หน่วยเรือรักษาความสงบเรียบร้อยตามลำแม่น้ำโขง เขตนครพนม,นร.ขเขตนครพนม,Null
054131,สถานีเรือบ้านแพง,สน.เรือบ้านแพง,นรข.เขตนครพนม
054132,สถานีเรือนครพนม,สน.เรือนครพนม,นรข.เขตนครพนม
054133,สถานีเรือธาตุพนม,สน.เรือธาตุพนม,นรข.เขตนครพนม
054134,สถานีเรือมุกดาหาร,สน.เรือมุกดาหาร,นรข.เขตนครพนม
05414,หน่วยเรือรักษาความสงบเรียบร้อยตามลำแม่น้ำโขง เขตอุบลราชธานี,นรข.เขตอุบลราชธานี,Null
054141,สถานีเรือเขมราฐ,สน.เรือเขมราฐ,นรข.เขตอุบลราชธานี
054142,สถานีเรือโขงเจียม,สน.เรือโขงเจียม,นรข.เขตอุบลราชธานี
0542,สำนักงานเจ้าหน้าที่ประสานงานกับคณะที่ปรึกษาการช่วยเหลือทางทหารของสหรัฐอเมริกาฝ่ายทหารเรือ,ปชท.ทร.,Null
0544,สำนักงานทหารเรือหญิง,สน.ทร.หญิง,Null
0545,คณะกรรมการบริหารวิทยุกระจายเสียงทหารเรือ,กบว.ทร.,Null
0548,คณะกรรมการพัฒนาการฝึกอาชีพให้แก่ทหารกองประจำการก่อนปลดเป็นกองหนุนของกองทัพเรือ,คพท.,Null
0549,ศูนย์ประสานงานประมงชายแดนทางทะเลไทย – เมียนมา,ศปชล.ทม.,Null
0550,ศูนย์อำนวยการป้องกันและปราบปรามยาเสพติดกองทัพเรือ,ศอ.ปส.ทร.,Null
05501,กองบัญชาการ,บก.,ศอ.ปส.ทร.
05502,ฝ่ายกำลังพลและธุรการ,ฝกพ. – ธก.,ศอ.ปส.ทร.
05503,ฝ่ายข่าว,ฝขว.,ศอ.ปส.ทร.
05504,ฝ่ายยุทธการ,ฝยก.,ศอ.ปส.ทร.
05505,ฝ่ายส่งกำลังบำรุง,ฝกบ.,ศอ.ปส.ทร.
05506,ฝ่ายสื่อสารและอิเล็กทรอนิกส์,ฝสท.,ศอ.ปส.ทร.
05507,ฝ่ายกิจการพลเรือน,ฝกร.,ศอ.ปส.ทร.
05508,ฝ่ายปลัดบัญชี,ฝปช.,ศอ.ปส.ทร.
0551,ศูนย์ประสานราชการใสสะอาดกองทัพเรือ,ศสส.ทร.,Null
05511,ฝ่ายนโยบายและแผน ศสส.ทร.,Null,Null
05512,ฝ่ายควบคุมการปฏิบัติด้านกำลังพล ศสส.ทร.,Null,Null
05513,ฝ่ายควบคุมการปฏิบัติด้านการจัดหา ศสส.ทร.,Null,Null
05514,ฝ่ายควบคุมการปฏิบัติด้านการเงิน ศสส.ทร.,Null,Null
05515,ฝ่ายสนับสนุน ศสส.ทร.,Null,Null
0552,ศูนย์ประสานการจัดสวัสดิการภายในกองทัพเรือ,ศปส.ทร.,Null
0554,สำนักงานประสานภารกิจด้านความมั่นคงกับ กอ.รมน.,สง.ปรมน.ทร.,Null
05541,สำนักอำนวยการ,Null,Null
055411,กองนโยบาย แผน และการข่าว,Null,Null
055412,กองกิจการมวลชนและสารนิเทศ,Null,Null
05542,สำนักประสานภารกิจรักษาความมั่นคงภายในจังหวัดกลุ่มที่ 1,Null,Null
055421,สำนักประสานภารกิจรักษาความมั่นคงภายในจังหวัดพังงา,Null,Null
055422,สำนักประสานภารกิจรักษาความมั่นคงภายในจังหวัดภูเก็ต,Null,Null
055423,สำนักประสานภารกิจรักษาความมั่นคงภายในจังหวัดนราธิวาส,Null,Null
05543,สำนักประสานภารกิจรักษาความมั่นคงภายในจังหวัดกลุ่มที่ 2,Null,Null
055431,สำนักประสานภารกิจรักษาความมั่นคงภายในจังหวัดจันทบุรี,Null,Null
055432,สำนักประสานภารกิจรักษาความมั่นคงภายในจังหวัดระยอง,Null,Null
055433,สำนักประสานภารกิจรักษาความมั่นคงภายในจังหวัดตราด,Null,Null
